.dockerignore	b5ae55f2cd3c6e6a318f34ed3273fdd5b6342d05740b4cc50d5edc0c7db8de8c	reviewed	已阅读全文并核对职责、测试/构建入口及现有审查基线；后续统一验证配置一致性。
.env.example	16c4aa2e92e76ca24763d3a2fc1d0ccfb6bda4f5d62f1c103e52f2944cdffa95	reviewed	Read all release scripts/workflows/notes and deployment inputs; missing release guards/latest ordering corrected with tested manifest verification. Legacy dual-image release documentation pending synchronization.
.githooks/pre-commit	1e4e7d2293d45afba8c0c82cb0968edf30481bdd6d0a1f848176d66828a1bd41	reviewed	已阅读全文并核对职责、测试/构建入口及现有审查基线；后续统一验证配置一致性。
.github/release-notes/README.md	e2a255bab088999495e56f5d9d8593ace5a071685631bc52a3c4b80cf84bd814	reviewed	Release guards: main ancestry, complete notes, sequence, serialized publication, architecture label equality, immutable existing version reuse and digest latest promotion; 29 Node checks and affected ESLint passed. Docs aligned to existing single-image deployment.
.github/release-notes/TEMPLATE.md	f2b22e46cd3805740ccc8c9efa35b8480df7455aa13a8776ebdab9b4dca4a04f	reviewed	Read all release scripts/workflows/notes and deployment inputs; missing release guards/latest ordering corrected with tested manifest verification. Legacy dual-image release documentation pending synchronization.
.github/release-notes/v2026.09.09.md	52fbd3ea384f05a98bec07f840b410f2376e240681c2f5a57d84c9db69f5e146	reviewed	Read all release scripts/workflows/notes and deployment inputs; missing release guards/latest ordering corrected with tested manifest verification. Legacy dual-image release documentation pending synchronization.
.github/release-notes/v2026.09.11.md	c70c632730458a9a7d25b6731bee4a888fa78521d105ca9eb2cbbd3095c8b50f	reviewed	Read all release scripts/workflows/notes and deployment inputs; missing release guards/latest ordering corrected with tested manifest verification. Legacy dual-image release documentation pending synchronization.
.github/release-notes/v2026.09.13.md	d9c533b3492d03e7cd6a147b6a58119e92f00ce6d7a7ae95924cfc42138b5a36	reviewed	Read all release scripts/workflows/notes and deployment inputs; missing release guards/latest ordering corrected with tested manifest verification. Legacy dual-image release documentation pending synchronization.
.github/release-notes/v2026.09.14-2.md	47a6328907f48ed452afd4367eda55311f30dc8c8a578d6f397ecbc0d3a37123	reviewed	Read all release scripts/workflows/notes and deployment inputs; missing release guards/latest ordering corrected with tested manifest verification. Legacy dual-image release documentation pending synchronization.
.github/release-notes/v2026.09.14-3.md	937b530a02ecfcc24564d1f48a088c18bda7740a13635ca6e4b00389153a19ea	reviewed	Read all release scripts/workflows/notes and deployment inputs; missing release guards/latest ordering corrected with tested manifest verification. Legacy dual-image release documentation pending synchronization.
.github/release-notes/v2026.09.14-4.md	77e640d0a15fdd58f83d1b743dbd264fdb96f17ddec16e1c110face1c70acfbb	reviewed	Read all release scripts/workflows/notes and deployment inputs; missing release guards/latest ordering corrected with tested manifest verification. Legacy dual-image release documentation pending synchronization.
.github/release-notes/v2026.09.14.md	e1d078137f66d11fa92b697707041b29133eedf382f3ec28ac03d00e288435d4	reviewed	Read all release scripts/workflows/notes and deployment inputs; missing release guards/latest ordering corrected with tested manifest verification. Legacy dual-image release documentation pending synchronization.
.github/scripts/generate-release-notes.mjs	0bbae3fcea43451d82e0e544c97c6655a0184f71e5dfa966382c1ec772fc1a79	reviewed	Read all release scripts/workflows/notes and deployment inputs; missing release guards/latest ordering corrected with tested manifest verification. Legacy dual-image release documentation pending synchronization.
.github/scripts/prepare-release-image.mjs	1b7f868952f18508735b07744b44078c69b1aead2f2ed5e491a5384ba04015b2	reviewed	Release guards: main ancestry, complete notes, sequence, serialized publication, architecture label equality, immutable existing version reuse and digest latest promotion; 29 Node checks and affected ESLint passed. Docs aligned to existing single-image deployment.
.github/scripts/promote-release-image.mjs	a7896898342acbbb598b8198c1a950713f5ea27d8d88c81b6b8c345c83300929	reviewed	Release guards: main ancestry, complete notes, sequence, serialized publication, architecture label equality, immutable existing version reuse and digest latest promotion; 29 Node checks and affected ESLint passed. Docs aligned to existing single-image deployment.
.github/scripts/release-image-commands.test.mjs	f38d92fd72b96b37f7bb2805cba765a9a0a504f56498adc29bc38fddafde8d66	reviewed	Release guards: main ancestry, complete notes, sequence, serialized publication, architecture label equality, immutable existing version reuse and digest latest promotion; 29 Node checks and affected ESLint passed. Docs aligned to existing single-image deployment.
.github/scripts/release-images.mjs	b1ae8df0adee7aa0e32dd15c34134c55fc98eff525ddbf7bff6149e450560338	reviewed	Release guards: main ancestry, complete notes, sequence, serialized publication, architecture label equality, immutable existing version reuse and digest latest promotion; 29 Node checks and affected ESLint passed. Docs aligned to existing single-image deployment.
.github/scripts/release-images.test.mjs	d48adc836ff6d872f26628e3b696e3c6193d4270a70bb5e90c5359ed0981bc2f	reviewed	Release guards: main ancestry, complete notes, sequence, serialized publication, architecture label equality, immutable existing version reuse and digest latest promotion; 29 Node checks and affected ESLint passed. Docs aligned to existing single-image deployment.
.github/scripts/validate-browser-gates.test.mjs	3b1058b37a8bf16251cff8c7b38e0d9c9255a4739d379afb7141bf7bf51e2919	reviewed	Read all release scripts/workflows/notes and deployment inputs; missing release guards/latest ordering corrected with tested manifest verification. Legacy dual-image release documentation pending synchronization.
.github/scripts/validate-compose.test.mjs	d8a91a250fe2fcc1c66e8b814b53c7f8c7888fb3e4b306e2aa9a3a2070a438f3	reviewed	Read all release scripts/workflows/notes and deployment inputs; missing release guards/latest ordering corrected with tested manifest verification. Legacy dual-image release documentation pending synchronization.
.github/scripts/validate-container-entrypoint.test.mjs	9cd657d7528da5db988eaecdfbe84bb12ec1263f4e28ece486adcc5b5090d009	reviewed	Read all release scripts/workflows/notes and deployment inputs; missing release guards/latest ordering corrected with tested manifest verification. Legacy dual-image release documentation pending synchronization.
.github/scripts/validate-go-test-discovery.test.mjs	a31542ef0a9bd05aa221628ee4ff480489ddd2b3764b30614f3e369cb3e32a6c	reviewed	Read all release scripts/workflows/notes and deployment inputs; missing release guards/latest ordering corrected with tested manifest verification. Legacy dual-image release documentation pending synchronization.
.github/scripts/validate-release-order.mjs	082d540800bb0b6472aa49644e8bfa1d7405fffec685445f08a33a79b56a8b77	reviewed	Read all release scripts/workflows/notes and deployment inputs; missing release guards/latest ordering corrected with tested manifest verification. Legacy dual-image release documentation pending synchronization.
.github/scripts/validate-release-tag.mjs	11fd7692fcc2a93e60b8cbd99a5a651552257999dd08afa1b6ed32fae9ed0906	reviewed	Read all release scripts/workflows/notes and deployment inputs; missing release guards/latest ordering corrected with tested manifest verification. Legacy dual-image release documentation pending synchronization.
.github/scripts/validate-release-tag.test.mjs	702be6f11b2190320ee198ece38feda76a2b50eb2aff0c3c6930a9bdabdf5d06	reviewed	Read all release scripts/workflows/notes and deployment inputs; missing release guards/latest ordering corrected with tested manifest verification. Legacy dual-image release documentation pending synchronization.
.github/scripts/validate-release-workflow.test.mjs	ffd37ff5997141aa7476f2ef5d25ee1d1caea940a6a50edc22f6a77231832477	reviewed	Release guards: main ancestry, complete notes, sequence, serialized publication, architecture label equality, immutable existing version reuse and digest latest promotion; 29 Node checks and affected ESLint passed. Docs aligned to existing single-image deployment.
.github/workflows/ci.yml	5028e7987b7f08a9cfd60751a72035c237717b2ee1afeb59883744a51da5179f	reviewed	Read all release scripts/workflows/notes and deployment inputs; missing release guards/latest ordering corrected with tested manifest verification. Legacy dual-image release documentation pending synchronization.
.github/workflows/release.yml	54608eabb5a680e1ea45eeb4b6e45ecbb470d8640ca895de23d8278e3f61a97e	reviewed	Release guards: main ancestry, complete notes, sequence, serialized publication, architecture label equality, immutable existing version reuse and digest latest promotion; 29 Node checks and affected ESLint passed. Docs aligned to existing single-image deployment.
.gitignore	0b510ba51cb5858e7f5e00e72ae0eead46f7ede3806000cec12c404f7af3d0dd	reviewed	Push preparation: ignore generated TanStack temporary cache; reviewed final integration validation note. All application code still matches the completed audit snapshot.
AGENTS.md	df70c5b4676812d9dc65bad2fe770415002f6b558292f189ccc38d63fd72d023	reviewed	Reviewed latest local source profile identity/version/scope contracts and source batch explicit fresh OAuth lifecycle; documentation matches implemented boundaries; desktop/mobile regression re-executed during closeout.
README.md	feec82b7abe2321e809af4493714e7355d87d2f0c783623fc622ce6bebb804b4	reviewed	Reviewed latest local source profile identity/version/scope contracts and source batch explicit fresh OAuth lifecycle; documentation matches implemented boundaries; desktop/mobile regression re-executed during closeout.
backend/.dockerignore	e479a57997eb5e3e53e02a080214590d6c320b31bcf5815a6171a34cf76d78bd	reviewed	已阅读全文并核对职责、测试/构建入口及现有审查基线；后续统一验证配置一致性。
backend/Dockerfile	cfbc719d629b6a8e27f3fba6f7982818009d4ea1def91e641687bada06d7381e	reviewed	Read all release scripts/workflows/notes and deployment inputs; missing release guards/latest ordering corrected with tested manifest verification. Legacy dual-image release documentation pending synchronization.
backend/docker-entrypoint.sh	9cfb8b25627425cac6585086333a140d588c12bc45cb4c8575e5d211862bb564	reviewed	Read all release scripts/workflows/notes and deployment inputs; missing release guards/latest ordering corrected with tested manifest verification. Legacy dual-image release documentation pending synchronization.
backend/go.mod	6ecee567142fef0b600f84eea516ab70c2f2c2b0aa225be1735b02efb6571ee3	reviewed	已阅读全文并核对职责、测试/构建入口及现有审查基线；后续统一验证配置一致性。
backend/go.sum	b741c9c25aba1b93a3e160936346af58f2feda826d8f59f92a9c6ef00153f898	reviewed	完整读取并检查脚本边界、静态SVG引用、图片来源与MIT声明；Go校验和格式核对
backend/internal/accountworkbench/__tests__/cleanup_format_test.go	43433568cbb3e56fadd9b295f0de8c1a7fccae7d67527d6d1045640dbc014600	reviewed	Reviewed isolated cleanup/export/import/maintenance/mixed/OAuth lifecycle tests, owner-target-version guards, credential redaction, cancellation, no-replay behavior and fixtures.
backend/internal/accountworkbench/__tests__/cleanup_lifecycle_test.go	ad6a42540821a8e8a16ea0bd7ed063c2ed4ceac6256b146e9eeb912698d77185	reviewed	Reviewed isolated cleanup/export/import/maintenance/mixed/OAuth lifecycle tests, owner-target-version guards, credential redaction, cancellation, no-replay behavior and fixtures.
backend/internal/accountworkbench/__tests__/cleanup_retention_test.go	6c2edf859cc6a61f6c30acc6d473cae60d057e59843902d80cc7960023743ed5	reviewed	Reviewed isolated cleanup/export/import/maintenance/mixed/OAuth lifecycle tests, owner-target-version guards, credential redaction, cancellation, no-replay behavior and fixtures.
backend/internal/accountworkbench/__tests__/cleanup_test.go	5e29c4d3bf041b56ac60d22c9c54dbcc180b34eb5b3a44b494a03f5d10e9ce17	reviewed	Reviewed isolated cleanup/export/import/maintenance/mixed/OAuth lifecycle tests, owner-target-version guards, credential redaction, cancellation, no-replay behavior and fixtures.
backend/internal/accountworkbench/__tests__/export_input_lifecycle_test.go	3beca86dff984522bd775b5df0bdbcbb3413375809aa6bd9243abe5f7a7688d1	reviewed	Reviewed isolated cleanup/export/import/maintenance/mixed/OAuth lifecycle tests, owner-target-version guards, credential redaction, cancellation, no-replay behavior and fixtures.
backend/internal/accountworkbench/__tests__/export_input_test.go	c1c2b9571049a09f2286366d1b46b8cbac17c7b96b7967ef5d6cabc3f3d285ed	reviewed	Reviewed isolated cleanup/export/import/maintenance/mixed/OAuth lifecycle tests, owner-target-version guards, credential redaction, cancellation, no-replay behavior and fixtures.
backend/internal/accountworkbench/__tests__/export_local_refresh_test.go	0bc9645891facad5714e1ab3eca9f07a967ab9d57fb9847d20028269a9c29743	reviewed	Read local-export/source-profile increment; task scope regression fixed after failing test; affected source-profile/local-export race passed 19.021s
backend/internal/accountworkbench/__tests__/export_local_test.go	50ef903591c01f1ebc5368a72497f11850813ffe72e6c842662ad00f4f169db0	reviewed	Read local-export/source-profile increment; task scope regression fixed after failing test; affected source-profile/local-export race passed 19.021s
backend/internal/accountworkbench/__tests__/export_profiles_lifecycle_test.go	4665c3e0042f3ce282f3006c2443b4a10d1af5b59e693f1304feb286d242c3ca	reviewed	Reviewed isolated cleanup/export/import/maintenance/mixed/OAuth lifecycle tests, owner-target-version guards, credential redaction, cancellation, no-replay behavior and fixtures.
backend/internal/accountworkbench/__tests__/export_profiles_test.go	ff55e581c09cfaaea1f192a4d91ea57efbc9e5e6f64e597c54723ef7fa3718e0	reviewed	Reviewed isolated cleanup/export/import/maintenance/mixed/OAuth lifecycle tests, owner-target-version guards, credential redaction, cancellation, no-replay behavior and fixtures.
backend/internal/accountworkbench/__tests__/export_storage_test.go	0a50c68e9e30502c58c9ec63c98d9e54b019ffc4d76f2cedaddf8187181fd6c7	reviewed	Reviewed isolated cleanup/export/import/maintenance/mixed/OAuth lifecycle tests, owner-target-version guards, credential redaction, cancellation, no-replay behavior and fixtures.
backend/internal/accountworkbench/__tests__/export_test.go	0031f77dddecc0dffacd6a94af3c05658040dfc5987c6621b0e4ee6b155bd115	reviewed	Reviewed isolated cleanup/export/import/maintenance/mixed/OAuth lifecycle tests, owner-target-version guards, credential redaction, cancellation, no-replay behavior and fixtures.
backend/internal/accountworkbench/__tests__/history_sms_test.go	4473e45afbe138290566ac1e004dbe4cff97096ffb33f067107596a2f1241340	reviewed	Reviewed isolated cleanup/export/import/maintenance/mixed/OAuth lifecycle tests, owner-target-version guards, credential redaction, cancellation, no-replay behavior and fixtures.
backend/internal/accountworkbench/__tests__/history_test.go	971efb42c0f0d8fd2fe44e75a17c490cc495badbed11200fd9b15c27d7b93670	reviewed	Reviewed isolated cleanup/export/import/maintenance/mixed/OAuth lifecycle tests, owner-target-version guards, credential redaction, cancellation, no-replay behavior and fixtures.
backend/internal/accountworkbench/__tests__/import_integrity_test.go	2f736fa42065fa0e47eab4dff1a798bf5f9d61fd5a13d75e1ca8136cff0a1e89	reviewed	Reviewed isolated cleanup/export/import/maintenance/mixed/OAuth lifecycle tests, owner-target-version guards, credential redaction, cancellation, no-replay behavior and fixtures.
backend/internal/accountworkbench/__tests__/import_test.go	4ee73224cd2c94b1d1cc9f7564a28ddaf9f5f0b2ff66032ce72968e69a888f7f	reviewed	Reviewed isolated cleanup/export/import/maintenance/mixed/OAuth lifecycle tests, owner-target-version guards, credential redaction, cancellation, no-replay behavior and fixtures.
backend/internal/accountworkbench/__tests__/maintenance_exchange_boundary_test.go	574f9e23765ae0de16ddabf0374a7b023a2223706877cbc35f7d05f460feba45	reviewed	Reviewed current integration and local export contract; token exchange checkpoint revocation and scoped SMS documented; isolated regression fixtures verified.
backend/internal/accountworkbench/__tests__/maintenance_reauthorization_test.go	b494246dffddd684239648f23812e059428b2a34e3d6900e1d053d6717ae56f3	reviewed	Reviewed isolated cleanup/export/import/maintenance/mixed/OAuth lifecycle tests, owner-target-version guards, credential redaction, cancellation, no-replay behavior and fixtures.
backend/internal/accountworkbench/__tests__/maintenance_redaction_test.go	6f17d7e81dc734c58285ac945fb39809e598b4b18424968e30dc88c34f1f1867	reviewed	Reviewed current implementation and incremental changes: scope binding, no replay checkpoint lifecycle, identity index semantics, redaction, loading and error states, API contract and browser regression coverage.
backend/internal/accountworkbench/__tests__/maintenance_test.go	b079de324b2948ac1621bcf806dfa1b78faee18f47eedc8e5bfd8f476a877fc4	reviewed	Reviewed isolated cleanup/export/import/maintenance/mixed/OAuth lifecycle tests, owner-target-version guards, credential redaction, cancellation, no-replay behavior and fixtures.
backend/internal/accountworkbench/__tests__/maintenance_upload_batch_test.go	da4389e932d9a87f61ab23262c988c7864d2761f0cc5a8c33416b816fda6a11a	reviewed	Reviewed current implementation and incremental changes: scope binding, no replay checkpoint lifecycle, identity index semantics, redaction, loading and error states, API contract and browser regression coverage.
backend/internal/accountworkbench/__tests__/maintenance_upload_boundaries_test.go	fc804dacd77896eeaf71af0f0661b24911deac95b37f0bb836b18c1b9719e531	reviewed	Reviewed isolated cleanup/export/import/maintenance/mixed/OAuth lifecycle tests, owner-target-version guards, credential redaction, cancellation, no-replay behavior and fixtures.
backend/internal/accountworkbench/__tests__/maintenance_upload_cancellation_test.go	e86d2d5d97afd0230dc0ddb98c11a1ea6ff2b01a04b2bb957cc5f013767d9418	reviewed	Reviewed current implementation and incremental changes: scope binding, no replay checkpoint lifecycle, identity index semantics, redaction, loading and error states, API contract and browser regression coverage.
backend/internal/accountworkbench/__tests__/maintenance_upload_test.go	c59064d8f87ae33702eb0caf4c9352ca3dba43723225512e596d4440a6c1f3b7	reviewed	Reviewed isolated cleanup/export/import/maintenance/mixed/OAuth lifecycle tests, owner-target-version guards, credential redaction, cancellation, no-replay behavior and fixtures.
backend/internal/accountworkbench/__tests__/mixed_lifecycle_test.go	0d71368d82d3100fa4c7e0b35cd6b8767acd23b140cb245b9014533e3036337b	reviewed	Reviewed isolated cleanup/export/import/maintenance/mixed/OAuth lifecycle tests, owner-target-version guards, credential redaction, cancellation, no-replay behavior and fixtures.
backend/internal/accountworkbench/__tests__/mixed_local_refresh_test.go	309c0e65c509661cb43539d4b79938952e88b09122bfb2c52a0f1b0a9c1a87b6	reviewed	Read complete isolated regressions: no RT call before final confirmation; local scope only; stable source indexes, official identity confirmation and responsive dialog overflow.
backend/internal/accountworkbench/__tests__/mixed_parse_test.go	4a00dad76c020dbdb9f5565ef976da6487314a699a764c9416daee6359d75858	reviewed	Reviewed isolated cleanup/export/import/maintenance/mixed/OAuth lifecycle tests, owner-target-version guards, credential redaction, cancellation, no-replay behavior and fixtures.
backend/internal/accountworkbench/__tests__/mixed_queue_checkpoint_test.go	a10c0deb1dfb276a5089fd44badc77c56ce74f1aa4e46e55067dcdb6d3ecbd1f	reviewed	backend-domains交叉复审全文：隔离网络/存储fixture及确定性等待，覆盖恢复保留身份/到期、授权不重放、取消撤销、摘要白名单、成功先落盘、活动任务重接
backend/internal/accountworkbench/__tests__/mixed_queue_recovery_test.go	d72510fbf52aa2ff69cca070a3bf2c3f2cdd2a374d66be4349defa2252e68a58	reviewed	backend-domains交叉复审全文：隔离网络/存储fixture及确定性等待，覆盖恢复保留身份/到期、授权不重放、取消撤销、摘要白名单、成功先落盘、活动任务重接
backend/internal/accountworkbench/__tests__/mixed_queue_scope_test.go	01834c700ba545f97a0838fa8b13c359154a012ff76d3b62aa4cdc991a0ceb3b	reviewed	backend-domains复审当前全文：活动检查点重接不新授权、会话/范围/版本防护、并发启动只创建一个私有父队列、启动/取消锁顺序及公开结果白名单
backend/internal/accountworkbench/__tests__/mixed_run_test.go	b76869ec44f6db0b0b05f9b0e3db56bc75355cef19d7c72ecd7ef29ef11a79e8	reviewed	Reviewed isolated cleanup/export/import/maintenance/mixed/OAuth lifecycle tests, owner-target-version guards, credential redaction, cancellation, no-replay behavior and fixtures.
backend/internal/accountworkbench/__tests__/oauth_assist_test.go	003c159c2f59393355fc6f072e361a452f3ca92d1678c61e6145afbb2368c12a	reviewed	Reviewed isolated cleanup/export/import/maintenance/mixed/OAuth lifecycle tests, owner-target-version guards, credential redaction, cancellation, no-replay behavior and fixtures.
backend/internal/accountworkbench/__tests__/oauth_automatic_checkpoint_fixture_test.go	3098199db7ac0c19869ecbd1c74d5a194a193250c00bb293505f7095b2f464bd	reviewed	backend-domains交叉复审全文：隔离网络/存储fixture及确定性等待，覆盖恢复保留身份/到期、授权不重放、取消撤销、摘要白名单、成功先落盘、活动任务重接
backend/internal/accountworkbench/__tests__/oauth_automatic_checkpoint_test.go	63cf1c2453adc3075c1fbeb55092ce58487a7094249084dc58f6c248f25bf09b	reviewed	backend-domains交叉复审全文：隔离网络/存储fixture及确定性等待，覆盖恢复保留身份/到期、授权不重放、取消撤销、摘要白名单、成功先落盘、活动任务重接
backend/internal/accountworkbench/__tests__/oauth_batch_lifecycle_test.go	5de5074e82dfd876a328a7d2c254b639fd8970ac0faaf5069c311ec11ddab5e2	reviewed	逐行复读本地安全批次接入与原测试：scope传递、来源预览及重验、用户去重、子会话保留与身份确认；现有TestSecurity race通过58.472s；保留容量边界待审
backend/internal/accountworkbench/__tests__/oauth_batch_parse_test.go	d198574283af47cabd3a934ce4270bdcf55c45130fd7214f23c9c56be415f5d9	reviewed	Reviewed parsing, PKCE, checkpoint/queue restoration, SMS receipts, security writes, profiles, retry reconciliation and template tests; verified isolated boundary fixtures and stable-ID/version/no-replay assertions.
backend/internal/accountworkbench/__tests__/oauth_checkpoint_exchange_test.go	77761225e8fb72aa859c3cb3c473b080b8ae3e3c6be411ec494c61b0565ffbe1	reviewed	backend-domains交叉复审全文：隔离网络/存储fixture及确定性等待，覆盖恢复保留身份/到期、授权不重放、取消撤销、摘要白名单、成功先落盘、活动任务重接
backend/internal/accountworkbench/__tests__/oauth_checkpoint_fixture_test.go	31f1b85aa5c70b6601702cd35202263c93a68f3a2a670c33e4ed94bd11c90040	reviewed	Full fixture/regression read: explicit official-identity second confirmation, changed identity and owner/scope/version rejects, no uncertain replay, isolated browser and temporary stores.
backend/internal/accountworkbench/__tests__/oauth_checkpoint_reconnect_test.go	d4a0292f116d013a33e608c4f3637a567b2807d7055db9c88a74dd9e9cce8510	reviewed	backend-domains复审当前全文：活动检查点重接不新授权、会话/范围/版本防护、并发启动只创建一个私有父队列、启动/取消锁顺序及公开结果白名单
backend/internal/accountworkbench/__tests__/oauth_checkpoint_test.go	e880e824023e0e5b100d42b15846a3ac950d8e605bfc0a0540145ed762326c71	reviewed	Reviewed parsing, PKCE, checkpoint/queue restoration, SMS receipts, security writes, profiles, retry reconciliation and template tests; verified isolated boundary fixtures and stable-ID/version/no-replay assertions.
backend/internal/accountworkbench/__tests__/oauth_local_export_test.go	b3756030f12d6c826f702c03c39247690eaf26ff6f520afc6a0ae01f884c2744	reviewed	Reviewed parsing, PKCE, checkpoint/queue restoration, SMS receipts, security writes, profiles, retry reconciliation and template tests; verified isolated boundary fixtures and stable-ID/version/no-replay assertions.
backend/internal/accountworkbench/__tests__/oauth_proxy_test.go	c04a6c87cb66f06ab835f5be624f6720e40cfa84c30c1b3b8c0f5760a8d8313f	reviewed	Reviewed parsing, PKCE, checkpoint/queue restoration, SMS receipts, security writes, profiles, retry reconciliation and template tests; verified isolated boundary fixtures and stable-ID/version/no-replay assertions.
backend/internal/accountworkbench/__tests__/oauth_sms_attachment_recovery_test.go	a76b775e4f4d2e3bdd36fed5a31d05d707bf07d355feb7c3addd95df205800a3	reviewed	Incremental content review: checkpoint claim/CAS and expiry, official identity confirmation before write, private artifact scope, SMS original-order retention, API no-store payloads and isolated browser workflow.
backend/internal/accountworkbench/__tests__/oauth_sms_attachment_test.go	6b24ce852231ac4d5fbc934e7dcea85a41857be44fe74be9920cf71b052eb53f	reviewed	Incremental complete read: scope and owner bindings, one-use checkpoint exchange, SMS order origin and attachment serialization; isolated regressions reviewed.
backend/internal/accountworkbench/__tests__/oauth_sms_test.go	5532c81a14d3db193a170a2127c030282feecf662cc324641d84cb26d2f1720d	reviewed	Reviewed parsing, PKCE, checkpoint/queue restoration, SMS receipts, security writes, profiles, retry reconciliation and template tests; verified isolated boundary fixtures and stable-ID/version/no-replay assertions.
backend/internal/accountworkbench/__tests__/oauth_test.go	e248ea40f2ad721a8fb50ec7724c4894962ef0b9994743f7285c47a82f1cf1ef	reviewed	Reviewed parsing, PKCE, checkpoint/queue restoration, SMS receipts, security writes, profiles, retry reconciliation and template tests; verified isolated boundary fixtures and stable-ID/version/no-replay assertions.
backend/internal/accountworkbench/__tests__/parse_test.go	0c25a9cd8c19965cbc9c53a0421894a3bc3c48de776986ac03782beb35877b92	reviewed	Reviewed parsing, PKCE, checkpoint/queue restoration, SMS receipts, security writes, profiles, retry reconciliation and template tests; verified isolated boundary fixtures and stable-ID/version/no-replay assertions.
backend/internal/accountworkbench/__tests__/preview_identity_test.go	eed302e0e2277765580b05600a9e39aee91e7cee8d8291db5ac0eea4d2153476	reviewed	Reviewed current implementation and incremental changes: scope binding, no replay checkpoint lifecycle, identity index semantics, redaction, loading and error states, API contract and browser regression coverage.
backend/internal/accountworkbench/__tests__/preview_test.go	d28bc06428abe8c036cc8b2d741afeeb73eff84f9db059a4808e440dbc9d8cc8	reviewed	Reviewed parsing, PKCE, checkpoint/queue restoration, SMS receipts, security writes, profiles, retry reconciliation and template tests; verified isolated boundary fixtures and stable-ID/version/no-replay assertions.
backend/internal/accountworkbench/__tests__/profiles_security_test.go	b89756054d7aed49494061bd141b7fc4da97eafeaae96377a88c8a1000c60ca4	reviewed	Reviewed parsing, PKCE, checkpoint/queue restoration, SMS receipts, security writes, profiles, retry reconciliation and template tests; verified isolated boundary fixtures and stable-ID/version/no-replay assertions.
backend/internal/accountworkbench/__tests__/profiles_test.go	b4ab013cd95bf4f2ba98cac716c5b15008ef62585226919407f1a844b62c3fc5	reviewed	Reviewed parsing, PKCE, checkpoint/queue restoration, SMS receipts, security writes, profiles, retry reconciliation and template tests; verified isolated boundary fixtures and stable-ID/version/no-replay assertions.
backend/internal/accountworkbench/__tests__/queue_checkpoint_test.go	1cbcb1dbeaa8b26fd80dfb50311d3ce93b1b7c02b8405d5e53046750ed6abdbf	reviewed	backend-domains交叉复审全文：隔离网络/存储fixture及确定性等待，覆盖恢复保留身份/到期、授权不重放、取消撤销、摘要白名单、成功先落盘、活动任务重接
backend/internal/accountworkbench/__tests__/queue_expiry_test.go	c11b1915cc6ec4ab254148da439d0cba373ff281c0a6b780286e887b52bf6212	reviewed	backend-domains交叉复审全文：隔离网络/存储fixture及确定性等待，覆盖恢复保留身份/到期、授权不重放、取消撤销、摘要白名单、成功先落盘、活动任务重接
backend/internal/accountworkbench/__tests__/queue_recovery_test.go	474e8dbcac28b4aab56613c3f5246f7af0930637748190567c76bf03340ac556	reviewed	Reviewed parsing, PKCE, checkpoint/queue restoration, SMS receipts, security writes, profiles, retry reconciliation and template tests; verified isolated boundary fixtures and stable-ID/version/no-replay assertions.
backend/internal/accountworkbench/__tests__/queue_result_name_test.go	2e16f41a159cda6b0127a8256e7660e5d99ebfa384c130de68514da450212efb	reviewed	backend-domains修复恢复已完成账号丢失原名称：公共恢复预览回归先失败后通过，队列/检查点相关race测试78.488s通过；保留Parse凭据及名称校验
backend/internal/accountworkbench/__tests__/queue_storage_recovery_test.go	516eb03042e7581e909eff3abfcb5aa448549ae4f58123537ac540aea47cb56e	reviewed	backend-domains交叉复审全文：隔离网络/存储fixture及确定性等待，覆盖恢复保留身份/到期、授权不重放、取消撤销、摘要白名单、成功先落盘、活动任务重接
backend/internal/accountworkbench/__tests__/queue_summary_test.go	97be5af1ed02687ce41394280abf75c3ce2b33761b2a951fb477365eae800e09	reviewed	backend-domains交叉复审全文：隔离网络/存储fixture及确定性等待，覆盖恢复保留身份/到期、授权不重放、取消撤销、摘要白名单、成功先落盘、活动任务重接
backend/internal/accountworkbench/__tests__/queue_validation_test.go	8a82c4632060732ce1e56e7e4e34d3ca9f3879b691d0ff0924d07427e783330e	reviewed	Reviewed complete fixture: inconsistent recovered identities and result cardinality are rejected before any browser or follow-up login.
backend/internal/accountworkbench/__tests__/reauthorization_history_test.go	45e41a01c354f10f3af18d15b03465596f82ef8b814309169d68682a4a753526	reviewed	Reviewed parsing, PKCE, checkpoint/queue restoration, SMS receipts, security writes, profiles, retry reconciliation and template tests; verified isolated boundary fixtures and stable-ID/version/no-replay assertions.
backend/internal/accountworkbench/__tests__/reauthorization_maintenance_test.go	91941505c945893c330d514e773c510f8181416e1c2e156be448e17871e22683	reviewed	Reviewed parsing, PKCE, checkpoint/queue restoration, SMS receipts, security writes, profiles, retry reconciliation and template tests; verified isolated boundary fixtures and stable-ID/version/no-replay assertions.
backend/internal/accountworkbench/__tests__/reauthorization_test.go	bb0fafed620f64661fd368c5c6983a0f40b7999e1bfb7ca29dd8b82309ddc602	reviewed	Reviewed parsing, PKCE, checkpoint/queue restoration, SMS receipts, security writes, profiles, retry reconciliation and template tests; verified isolated boundary fixtures and stable-ID/version/no-replay assertions.
backend/internal/accountworkbench/__tests__/regenerate_lifecycle_test.go	2fe4a6b9fb2874dad9cba6e81b6de06999dd8a609d181a9dbd3bed35d4755594	reviewed	逐行交叉审查：本地scope/owner、原来源版本、官方单次请求、取消后限时落盘；再生race检查另记
backend/internal/accountworkbench/__tests__/regenerate_local_lifecycle_test.go	b58ae797be09c9949b9a5215f761d3f08898aafe116a7c3e6e3ff63872e8f774	reviewed	全文交叉审查完成；TestLocalRegeneration -race最新通过18.688s，原TestRegeneration -race通过37.585s；本地scope与owner、单次官方刷新、取消后限时落盘
backend/internal/accountworkbench/__tests__/regenerate_local_test.go	4241568e9dc9d87b67573ca24ea7000a8e2b83eb031a784983fe74582b9263ab	reviewed	全文交叉审查完成；TestLocalRegeneration -race最新通过18.688s，原TestRegeneration -race通过37.585s；本地scope与owner、单次官方刷新、取消后限时落盘
backend/internal/accountworkbench/__tests__/regenerate_selection_test.go	058b4b094132007a2bc20a4fdfc5de94b3f602cafe99d16c44df5f86f36b5839	reviewed	逐行交叉审查：本地scope/owner、原来源版本、官方单次请求、取消后限时落盘；再生race检查另记
backend/internal/accountworkbench/__tests__/regenerate_test.go	604b48d9353e6d72fad0da583e8c8fe4b141959a9818a232fea642cebb307fae	reviewed	逐行交叉审查：本地scope/owner、原来源版本、官方单次请求、取消后限时落盘；再生race检查另记
backend/internal/accountworkbench/__tests__/retry_test.go	169ca0a2adcdbe9e7cca6891747a79b578be85501ad0e391ed2c42aabc672bfc	reviewed	Reviewed parsing, PKCE, checkpoint/queue restoration, SMS receipts, security writes, profiles, retry reconciliation and template tests; verified isolated boundary fixtures and stable-ID/version/no-replay assertions.
backend/internal/accountworkbench/__tests__/security_batch_capacity_test.go	40114e741a9675c548a0c2fc5f6d2cd1b4c93ebd34c19409f80c4bf99724af8c	reviewed	Incremental security sources audit: detached stable indices, duplicate identity prevention and 21-result capacity regression
backend/internal/accountworkbench/__tests__/security_batch_fixture_test.go	e5f20da388db27aec9816823668ab783edfd469e77956d477320fd26dc2590db	reviewed	完整复读安全批次现有回归：稳定身份、不可重放、scope变更、取消、落盘和浏览器清理
backend/internal/accountworkbench/__tests__/security_batch_preview_test.go	f6a85b46471640f0c98111d452829b449827b83f1970de5bb97fe30c9c439d26	reviewed	完整复读安全批次现有回归：稳定身份、不可重放、scope变更、取消、落盘和浏览器清理
backend/internal/accountworkbench/__tests__/security_batch_run_test.go	aa4212756712126098a7dd272b35ee4617bd6397157e2cda90f2d3ed22f4e378	reviewed	完整复读安全批次现有回归：稳定身份、不可重放、scope变更、取消、落盘和浏览器清理
backend/internal/accountworkbench/__tests__/security_batch_sources_test.go	c2ebba62f33e6e1f735d265e4761627b5b569793361ad71408aa12f1898508e3	reviewed	Incremental security sources audit: detached stable indices, duplicate identity prevention and 21-result capacity regression
backend/internal/accountworkbench/__tests__/security_checkpoint_fixture_test.go	85ce89b79e51693112d93346716ed3282d6e7e7c716e7652606a3891fec7a152	reviewed	Full fixture/regression read: explicit official-identity second confirmation, changed identity and owner/scope/version rejects, no uncertain replay, isolated browser and temporary stores.
backend/internal/accountworkbench/__tests__/security_checkpoint_test.go	f73ada4b36f84f76fab886e548348fe6b5a23814a4d3a1580dfcca7fd5bc390b	reviewed	Full fixture/regression read: explicit official-identity second confirmation, changed identity and owner/scope/version rejects, no uncertain replay, isolated browser and temporary stores.
backend/internal/accountworkbench/__tests__/security_fixture_test.go	1a6aca756060762fa1829f05311bd32a97904ce38372c016ea157237a1e8a0ec	reviewed	Incremental security audit: owner and scope binding, checkpoint identity confirmation, source retention and bounded capacity; 21-source batch regression
backend/internal/accountworkbench/__tests__/security_identity_test.go	1339e3caa0a34386fe6a64c71172d55b25dc50fbcb5a85bc0c1b18e3948544ef	reviewed	Incremental security audit: owner and scope binding, checkpoint identity confirmation, source retention and bounded capacity; 21-source batch regression
backend/internal/accountworkbench/__tests__/security_oauth_test.go	17dfbff60cf2c83b3be9a1450988d25b8a2701bc0bc24df2d2a8f63b98ec4380	reviewed	Full regression review: checkpoint security requires observed identity, new OAuth has fresh state/PKCE and original proxy/SMS lineage, mobile/desktop secret-free workflow and explicit SMS fees.
backend/internal/accountworkbench/__tests__/security_password_test.go	dd750b87f929457e0bc80b721f8a8407d0ebf4cb6fcfb78f600a2ae7337bbf70	reviewed	Reviewed parsing, PKCE, checkpoint/queue restoration, SMS receipts, security writes, profiles, retry reconciliation and template tests; verified isolated boundary fixtures and stable-ID/version/no-replay assertions.
backend/internal/accountworkbench/__tests__/security_proxy_test.go	e00254a8d06651f9b30dabf360d2aa93d06d1da210edc8da25e6b8a5793faadb	reviewed	Reviewed parsing, PKCE, checkpoint/queue restoration, SMS receipts, security writes, profiles, retry reconciliation and template tests; verified isolated boundary fixtures and stable-ID/version/no-replay assertions.
backend/internal/accountworkbench/__tests__/security_source_test.go	01fbc442d2b47859b65da055853c9fff3f389bd5cc714d5ecc58cee81ff9c2d2	reviewed	Incremental security audit: owner and scope binding, checkpoint identity confirmation, source retention and bounded capacity; 21-source batch regression
backend/internal/accountworkbench/__tests__/security_totp_test.go	c9b047f7aaf9b74197f5f7fda34e697af5a4b709d4491873a227c21370125442	reviewed	Reviewed parsing, PKCE, checkpoint/queue restoration, SMS receipts, security writes, profiles, retry reconciliation and template tests; verified isolated boundary fixtures and stable-ID/version/no-replay assertions.
backend/internal/accountworkbench/__tests__/sms_receipts_scope_test.go	e61121810b7efcea928c6472a87fb86a6a2c1404ff1a4e8ebbd5c70aa83433fb	reviewed	Reviewed current implementation and incremental changes: scope binding, no replay checkpoint lifecycle, identity index semantics, redaction, loading and error states, API contract and browser regression coverage.
backend/internal/accountworkbench/__tests__/sms_receipts_test.go	8cdd1b51d504cd8001780a0a73b44a4f8a618f89b013fcb72b7fcc052e7cf265	reviewed	Reviewed parsing, PKCE, checkpoint/queue restoration, SMS receipts, security writes, profiles, retry reconciliation and template tests; verified isolated boundary fixtures and stable-ID/version/no-replay assertions.
backend/internal/accountworkbench/__tests__/source_profile_authorization_test.go	aa2eea41832ecfdcbe6206f1cd44bfedc1432b74dcf0e0ca869fc0a3a4803d5b	reviewed	Re-read complete latest private export and SMS confirmation tests; all source-profile race tests passed 18.389s and vet passed
backend/internal/accountworkbench/__tests__/source_profile_export_scope_test.go	611fb10e206852f37fa5e93865819f81ac2875d1a2f4588b150997283b15cebf	reviewed	Read local-export/source-profile increment; task scope regression fixed after failing test; affected source-profile/local-export race passed 19.021s
backend/internal/accountworkbench/__tests__/source_profile_security_test.go	459bbdc7a3209b072be2c8acefeb40d525d4582475f96703fa58171f0b967220	reviewed	Read latest fresh OAuth and safety-result tests; corrected ReadOAuthBatch call to existing contract; all source-profile race tests passed 19.705s
backend/internal/accountworkbench/__tests__/source_profiles_test.go	c7f32c3b77c1323e522585ccf87f0336247386c1f974a2f6e4ec3e0aea78a561	reviewed	Read local-export/source-profile increment; task scope regression fixed after failing test; affected source-profile/local-export race passed 19.021s
backend/internal/accountworkbench/__tests__/template_source_test.go	3caf174db80ab9c7f0e324ec197911f379e76ab1e19b653397d9b2ad458c7066	reviewed	Reviewed parsing, PKCE, checkpoint/queue restoration, SMS receipts, security writes, profiles, retry reconciliation and template tests; verified isolated boundary fixtures and stable-ID/version/no-replay assertions.
backend/internal/accountworkbench/__tests__/template_test.go	a24c241e6a6dc7997932eab8751a87ae50c1e29a4b08dc05d3b89e2df439f151	reviewed	Reviewed parsing, PKCE, checkpoint/queue restoration, SMS receipts, security writes, profiles, retry reconciliation and template tests; verified isolated boundary fixtures and stable-ID/version/no-replay assertions.
backend/internal/accountworkbench/cleanup.go	a634860e99dbeeedfbcb782793405209654e9b3ad234ea371994d0cb2d969eb3	reviewed	逐行审查：维护身份/配置复核、授权上传恢复、私有文件再生和清理范围；维护账号名泄露凭据已失败复现并复用脱敏修复，受影响race通过52.587s。
backend/internal/accountworkbench/cleanup_files.go	bdb83c9c4d09aa6756c3f61ed381f1021c1f3a13fe5fccd91bc145cc8a94b2aa	reviewed	Read local-export/source-profile increment; task scope regression fixed after failing test; affected source-profile/local-export race passed 19.021s
backend/internal/accountworkbench/cleanup_scope.go	843db1ad8e6e73eefca3aab2489132ab65d945ac542af90a1bad32bac7f6a40f	reviewed	逐行审查：维护身份/配置复核、授权上传恢复、私有文件再生和清理范围；维护账号名泄露凭据已失败复现并复用脱敏修复，受影响race通过52.587s。
backend/internal/accountworkbench/cleanup_types.go	853b0fb6ed677a881a9e2e7e32434b99030c94ba18d6f3ea51d6dbea1a816a5e	reviewed	逐行审查：维护身份/配置复核、授权上传恢复、私有文件再生和清理范围；维护账号名泄露凭据已失败复现并复用脱敏修复，受影响race通过52.587s。
backend/internal/accountworkbench/export.go	bbce414a187cfba6d92e7a2966af392a5caa1e97242298a099609c8b8a274af4	reviewed	Read local-export/source-profile increment; task scope regression fixed after failing test; affected source-profile/local-export race passed 19.021s
backend/internal/accountworkbench/export_input.go	f1b09031d2ea7f0ef6890022e6b324c49fc28b43c1133ad2039334f7d4df20b4	reviewed	逐行审查：安全操作官方稳定身份、防重放、批次取消与私有密钥结果；导出目录描述符约束、文件权限/大小/保留期限与预览版本。
backend/internal/accountworkbench/export_local.go	f5cdfd8ebd378bcc35a8267b103c3daea8148e6231e5f55d5070a161a7e5f786	reviewed	Read local-export/source-profile increment; task scope regression fixed after failing test; affected source-profile/local-export race passed 19.021s
backend/internal/accountworkbench/export_local_refresh.go	23c6ecf052b8461209c27334de9519d08b362fa0915d8978643afe0494909f0f	reviewed	Read local-export/source-profile increment; task scope regression fixed after failing test; affected source-profile/local-export race passed 19.021s
backend/internal/accountworkbench/export_profiles.go	720f45e282d08503a3f1f21578ff480b92298734938d0e237b97d8cf63b6d18d	reviewed	逐行审查：安全操作官方稳定身份、防重放、批次取消与私有密钥结果；导出目录描述符约束、文件权限/大小/保留期限与预览版本。
backend/internal/accountworkbench/export_storage.go	565a9f8e768e2d359161886efcf0013b9a84917b13b1ec10de87e1a8fb44b7ae	reviewed	逐行审查：安全操作官方稳定身份、防重放、批次取消与私有密钥结果；导出目录描述符约束、文件权限/大小/保留期限与预览版本。
backend/internal/accountworkbench/history.go	44dcd925fad6938302013defb709c4180d58ec0e79fcbf2c15cdd367ed1c20c1	reviewed	Reviewed current implementation and incremental changes: scope binding, no replay checkpoint lifecycle, identity index semantics, redaction, loading and error states, API contract and browser regression coverage.
backend/internal/accountworkbench/history_query.go	3f64c327e6b0c6ddb571f9264acaa625cfe2fea362a8f8955c6b825e76c39949	reviewed	逐行审查：批次凭据清除/持久化顺序、类型及重复输入验证、恢复不重放、资料稳定身份与版本；发现独立导出短信回执查询缺少范围，修复中。
backend/internal/accountworkbench/identity_index.go	3fd844673ef4b6970bef14051b6dc7a8c82d36a7b585a3b341dddd5fe2d158de	reviewed	Reviewed current implementation and incremental changes: scope binding, no replay checkpoint lifecycle, identity index semantics, redaction, loading and error states, API contract and browser regression coverage.
backend/internal/accountworkbench/import.go	605574e2d4f8dd785bdd02f343165fcc0db86e37dce5ad43d7c568ddafd1c627	reviewed	逐行审查：导入隔离/写入读回、重试未知结果防重放、OAuth state/PKCE/会话生命周期与检查点所有权；并发新增自动检查点需末轮复核。
backend/internal/accountworkbench/maintenance.go	c7206338f261e1aee77bca5889c470c7d3e5fd854d3b7ceaae26453ef206052c	reviewed	Reviewed entire source and latest changes: maintenance retry, identity/version checks, private result persistence, cancellation and UI regression boundaries; prototype-key crashes reproduced and corrected.
backend/internal/accountworkbench/maintenance_owner.go	78e39a29087fc2d3072c348e283f34802cfe38cab3a49f324acbfd2be5941e73	reviewed	逐行审查：维护身份/配置复核、授权上传恢复、私有文件再生和清理范围；维护账号名泄露凭据已失败复现并复用脱敏修复，受影响race通过52.587s。
backend/internal/accountworkbench/maintenance_reauthorization.go	745647388619edad64ec91352f7897b2a4ed03b2868f74252783123474575afd	reviewed	逐行审查：维护身份/配置复核、授权上传恢复、私有文件再生和清理范围；维护账号名泄露凭据已失败复现并复用脱敏修复，受影响race通过52.587s。
backend/internal/accountworkbench/maintenance_uploads.go	db9ad4b904381f367521beb7eb39e5aa613ca02fff5218eb82f3971368ac1cc3	reviewed	Reviewed entire source and latest changes: maintenance retry, identity/version checks, private result persistence, cancellation and UI regression boundaries; prototype-key crashes reproduced and corrected.
backend/internal/accountworkbench/mixed.go	b6ac3df235bb76cc07bc5e5fa42917084a46e25bd5589c9b179c17b908107842	reviewed	Full re-read latest local RT deferred refresh, source profile callbacks, queue lifetime/scope and original index restoration; existing identity index preserved.
backend/internal/accountworkbench/mixed_parse.go	21ec2d5b956b0389a8e46cdb0e1ba68a7d5824293bfc687a2782ed56a3aa8755	reviewed	逐行审查：批次凭据清除/持久化顺序、类型及重复输入验证、恢复不重放、资料稳定身份与版本；发现独立导出短信回执查询缺少范围，修复中。
backend/internal/accountworkbench/mixed_queue_restore.go	e33c0e675fe7d94952465014f5fd1906c86bd39c920e35a25efda92b7d5f4e3e	reviewed	backend-domains交叉复审全文：父子锁顺序、私有记录先于公开进度、CAS及目标/会话绑定、到期/取消、恢复不重放、自动检查点换lease和交换前撤销
backend/internal/accountworkbench/mixed_queue_storage.go	5350fe0b66b54ad663ad2d89cd0675426ed9f47e460902a5c3f424e61d4e0953	reviewed	backend-domains交叉复审全文：父子锁顺序、私有记录先于公开进度、CAS及目标/会话绑定、到期/取消、恢复不重放、自动检查点换lease和交换前撤销
backend/internal/accountworkbench/mixed_queue_validation.go	56fcd96bd26d6052de1c113b1b2cf4898e4ce8e724044b02e1a18aa58fe6e5cc	reviewed	backend-domains交叉复审全文：父子锁顺序、私有记录先于公开进度、CAS及目标/会话绑定、到期/取消、恢复不重放、自动检查点换lease和交换前撤销
backend/internal/accountworkbench/mixed_run.go	e2607420054f2e4cf872b67ac754cc7674a24cf647c98c84e3d9101b15e2656b	reviewed	Full re-read latest local RT deferred refresh, source profile callbacks, queue lifetime/scope and original index restoration; existing identity index preserved.
backend/internal/accountworkbench/mixed_types.go	ad9f5a6bdd87f71cadd43c5ba899e55e2a98017d56b099128b4c0b86dd69de7f	reviewed	backend-domains复审当前全文：活动检查点重接不新授权、会话/范围/版本防护、并发启动只创建一个私有父队列、启动/取消锁顺序及公开结果白名单
backend/internal/accountworkbench/oauth.go	8dc0f2512af7bd55dfabbd9ae5c028a66908a4c13be7de2f59489c45a579da18	reviewed	Incremental complete read: scope and owner bindings, one-use checkpoint exchange, SMS order origin and attachment serialization; isolated regressions reviewed.
backend/internal/accountworkbench/oauth_assist.go	23f070d93f6a6eb9d22c3ee17602567e9cc9c7550ca2522bbe8c852ca524a8df	reviewed	Incremental complete read: scope and owner bindings, one-use checkpoint exchange, SMS order origin and attachment serialization; isolated regressions reviewed.
backend/internal/accountworkbench/oauth_batch.go	a218acc110713793bd847440bc14c93974529101fc3ea4660b1c740754389482	reviewed	Full re-read latest local RT deferred refresh, source profile callbacks, queue lifetime/scope and original index restoration; existing identity index preserved.
backend/internal/accountworkbench/oauth_batch_parse.go	a4ee06d0bbce7ae526529c0dd5db8c77100884a61c0d2901afaab27d5989393f	reviewed	逐行审查：批次凭据清除/持久化顺序、类型及重复输入验证、恢复不重放、资料稳定身份与版本；发现独立导出短信回执查询缺少范围，修复中。
backend/internal/accountworkbench/oauth_batch_run.go	e7263605c5003b25c0e0983686b325865aa4dfd4f1703b489bdfcd1b85d844d2	reviewed	backend-domains交叉复审全文：父子锁顺序、私有记录先于公开进度、CAS及目标/会话绑定、到期/取消、恢复不重放、自动检查点换lease和交换前撤销
backend/internal/accountworkbench/oauth_checkpoint.go	1df355a873229a19d6c8a61601784bb355529f6e9d9b40bfa7cebc3c08442f46	reviewed	Incremental complete read: scope and owner bindings, one-use checkpoint exchange, SMS order origin and attachment serialization; isolated regressions reviewed.
backend/internal/accountworkbench/oauth_checkpoint_automatic.go	7906f1d81f4fd1dcd0907153a9dfdb497e8779884a4a00f9065f67f42f761f62	reviewed	Incremental complete read: scope and owner bindings, one-use checkpoint exchange, SMS order origin and attachment serialization; isolated regressions reviewed.
backend/internal/accountworkbench/oauth_checkpoint_delete.go	3e9315ad945a4b027cea62ff2ecc513ca50878790f6f4764b5f2a88c6b9f905c	reviewed	逐行审查：导入隔离/写入读回、重试未知结果防重放、OAuth state/PKCE/会话生命周期与检查点所有权；并发新增自动检查点需末轮复核。
backend/internal/accountworkbench/oauth_checkpoint_restore.go	57f56410418149818e8511fcb908fd9c2215df9eb7c5e64e68373f3eae3fe49a	reviewed	Incremental review: fresh OAuth after confirmed checkpoint security binds user/workspace, validates original scope and order lineage, serializes repeated start; recovery keeps original SMS origin.
backend/internal/accountworkbench/oauth_exchange.go	c3d4d448ccc1eb682150032bb3e56e4640d72b658bdc0f7b43a1486d87002554	reviewed	Incremental full read: fixed official token endpoint and finite response validation; explicit local source validation and owner/scope artifact lookup; existing regeneration identity/version and persistence semantics retained.
backend/internal/accountworkbench/oauth_session.go	f111c037ea5e058f30808ea20fe929029caa02c5e9260328da2b55756631c4db	reviewed	Reviewed current implementation and incremental changes: scope binding, no replay checkpoint lifecycle, identity index semantics, redaction, loading and error states, API contract and browser regression coverage.
backend/internal/accountworkbench/oauth_sms.go	d5c9b1dc528232495ac1243ed55faad52f6f35a459a5919933fe038c7b350f05	reviewed	逐行审查：导入隔离/写入读回、重试未知结果防重放、OAuth state/PKCE/会话生命周期与检查点所有权；并发新增自动检查点需末轮复核。
backend/internal/accountworkbench/oauth_sms_attachment.go	823a4ab91008fc2ff3e734d258c854e4a7dcb9acb161d41d27d8b7a3aac94d3a	reviewed	Incremental complete read: scope and owner bindings, one-use checkpoint exchange, SMS order origin and attachment serialization; isolated regressions reviewed.
backend/internal/accountworkbench/parse.go	79e318756c64f8c9a56f0545d06282c762878d03d56923dcac1a2186b2dee8d3	reviewed	Reviewed current implementation and incremental changes: scope binding, no replay checkpoint lifecycle, identity index semantics, redaction, loading and error states, API contract and browser regression coverage.
backend/internal/accountworkbench/profiles.go	d93fc38910c735d7f8fca084b306e7eedfdf7a49c009d98b8ccda4dc4e7ac931	reviewed	逐行审查：批次凭据清除/持久化顺序、类型及重复输入验证、恢复不重放、资料稳定身份与版本；发现独立导出短信回执查询缺少范围，修复中。
backend/internal/accountworkbench/profiles_maintenance.go	23274d62be1e1f78e19c3ff9bd06a16b4c919016f814e91d53b5f5bb3f284e2d	reviewed	逐行审查：批次凭据清除/持久化顺序、类型及重复输入验证、恢复不重放、资料稳定身份与版本；发现独立导出短信回执查询缺少范围，修复中。
backend/internal/accountworkbench/profiles_security.go	350a1d211e980e86cbb043ddd213cceb315b9fb4ec329ab68d577b458ac3664a	reviewed	Incremental security audit: owner and scope binding, checkpoint identity confirmation, source retention and bounded capacity; 21-source batch regression
backend/internal/accountworkbench/profiles_types.go	23535ea7f3bff6d9948faaa9bf542a2cb455b012b2c6f23a047889a7c249b006	reviewed	逐行审查：批次凭据清除/持久化顺序、类型及重复输入验证、恢复不重放、资料稳定身份与版本；发现独立导出短信回执查询缺少范围，修复中。
backend/internal/accountworkbench/queue_active.go	470399587344e3dc28d09610bca6da8d1747605a99257ddc566a8e9e357d7c47	reviewed	backend-domains交叉复审全文：父子锁顺序、私有记录先于公开进度、CAS及目标/会话绑定、到期/取消、恢复不重放、自动检查点换lease和交换前撤销
backend/internal/accountworkbench/queue_checkpoint.go	4fd2c0fbb7a4ab27b9b8506948839602760f000091228550f2707802bd0a4395	reviewed	Full re-read latest local RT deferred refresh, source profile callbacks, queue lifetime/scope and original index restoration; existing identity index preserved.
backend/internal/accountworkbench/queue_detach.go	5a0ea33a71c2b81a22e9558f415b3f3ce82a08631eb1dc83d1414c9dd39a2176	reviewed	backend-domains交叉复审全文：父子锁顺序、私有记录先于公开进度、CAS及目标/会话绑定、到期/取消、恢复不重放、自动检查点换lease和交换前撤销
backend/internal/accountworkbench/queue_recovery.go	113711eee55f090322c8360e82dd928908bd8810d0cebf28675c28b32be70b73	reviewed	backend-domains交叉复审全文：父子锁顺序、私有记录先于公开进度、CAS及目标/会话绑定、到期/取消、恢复不重放、自动检查点换lease和交换前撤销
backend/internal/accountworkbench/queue_storage.go	5d2c9e43d087e45ab19cf9b8a65f1e9c4b235a28c69afa9d68b6b9f79409a716	reviewed	backend-domains修复恢复已完成账号丢失原名称：公共恢复预览回归先失败后通过，队列/检查点相关race测试78.488s通过；保留Parse凭据及名称校验
backend/internal/accountworkbench/queue_summary.go	87d0e0e9610fd7e1c51b7b9c275041dc61c4f3373c1e01d1dcb218bcf6081a08	reviewed	backend-domains交叉复审全文：父子锁顺序、私有记录先于公开进度、CAS及目标/会话绑定、到期/取消、恢复不重放、自动检查点换lease和交换前撤销
backend/internal/accountworkbench/queue_validation.go	b74e8e43a0d5924cea47c229939db565f5fea8d7f4b51dbbd5537a4ce6a118c6	reviewed	backend-domains交叉复审全文：父子锁顺序、私有记录先于公开进度、CAS及目标/会话绑定、到期/取消、恢复不重放、自动检查点换lease和交换前撤销
backend/internal/accountworkbench/reauthorization.go	9633394c24f0df6129c0ecd5cc7f7d06f1514f104b5d15059d03e44a52574256	reviewed	Reviewed current implementation and incremental changes: scope binding, no replay checkpoint lifecycle, identity index semantics, redaction, loading and error states, API contract and browser regression coverage.
backend/internal/accountworkbench/reauthorization_history.go	5f161aad5617348a7ab92be7920d418f58c93c8cd75b5f0c8234754b11947cce	reviewed	逐行审查：批次凭据清除/持久化顺序、类型及重复输入验证、恢复不重放、资料稳定身份与版本；发现独立导出短信回执查询缺少范围，修复中。
backend/internal/accountworkbench/reauthorization_maintenance.go	803776df8e6ccedce127ba31fbbf82430454e49f5b58ca9dc44d7b687d4550cb	reviewed	Reviewed current implementation and incremental changes: scope binding, no replay checkpoint lifecycle, identity index semantics, redaction, loading and error states, API contract and browser regression coverage.
backend/internal/accountworkbench/regenerate.go	1d8a1534740128b9c896d1f7de1cd07a6f32ee56a3d5ac69014830c79ff6ba61	reviewed	Incremental full read: fixed official token endpoint and finite response validation; explicit local source validation and owner/scope artifact lookup; existing regeneration identity/version and persistence semantics retained.
backend/internal/accountworkbench/regenerate_local.go	f2422e0ab630b9acd0debab0de37b63bc5bcc63c1b527890901e6526551f95cf	reviewed	全文交叉审查完成；TestLocalRegeneration -race最新通过18.688s，原TestRegeneration -race通过37.585s；本地scope与owner、单次官方刷新、取消后限时落盘
backend/internal/accountworkbench/regenerate_local_run.go	236297d1e26f4c2aae5c5c0e6736d1d1eaa11ec350dc2122ca9c075b222331fc	reviewed	全文交叉审查完成；TestLocalRegeneration -race最新通过18.688s，原TestRegeneration -race通过37.585s；本地scope与owner、单次官方刷新、取消后限时落盘
backend/internal/accountworkbench/regenerate_run.go	19f6fc5009ec8fc50b5902e3143579e769cfb999ddc251f315d7a862ce2d9680	reviewed	Incremental full read: fixed official token endpoint and finite response validation; explicit local source validation and owner/scope artifact lookup; existing regeneration identity/version and persistence semantics retained.
backend/internal/accountworkbench/regenerate_source.go	71ee0f948987e154a1c8af503fa3fe4ff16745996ea1a7ed6712ff18d08e0148	reviewed	Full re-read latest local RT deferred refresh, source profile callbacks, queue lifetime/scope and original index restoration; existing identity index preserved.
backend/internal/accountworkbench/retry.go	fe665556edd49634ee1f95732be534f8349bfa4c39437b94be52178d5f9258f6	reviewed	逐行审查：导入隔离/写入读回、重试未知结果防重放、OAuth state/PKCE/会话生命周期与检查点所有权；并发新增自动检查点需末轮复核。
backend/internal/accountworkbench/scope.go	8f29d63b946c6393c3c1966f8acb8f5680f55ea5577c36812a5b8d6b77dd2907	reviewed	逐行审查：输入白名单、凭据隔离、预览所有权、目标与模板版本校验；身份匹配重复解析性能待复核。
backend/internal/accountworkbench/security.go	a49eaada5602794b2dfd27269d23c8a0d93415209970e751bc021e9e1893f4d7	reviewed	Incremental detached-result audit: copy source index in returned views and task results; bounded standalone and batch retention
backend/internal/accountworkbench/security_batch.go	f1f2e60ad41e399fd9114f12a92736506ad12ff66b31ef4ac4d6e7e061be491c	reviewed	逐行复读本地安全批次接入与原测试：scope传递、来源预览及重验、用户去重、子会话保留与身份确认；现有TestSecurity race通过58.472s；保留容量边界待审
backend/internal/accountworkbench/security_batch_child.go	7c9f9c6ded3a351a3c9f799551ffa341422ced8a4d440f02a0640bb66989edd1	reviewed	逐行复读本地安全批次接入与原测试：scope传递、来源预览及重验、用户去重、子会话保留与身份确认；现有TestSecurity race通过58.472s；保留容量边界待审
backend/internal/accountworkbench/security_batch_preview.go	389f81963ff3a85621da9dad1ea1163c8acf98877f958aa8840034702fd96308	reviewed	Incremental security audit: owner and scope binding, checkpoint identity confirmation, source retention and bounded capacity; 21-source batch regression
backend/internal/accountworkbench/security_batch_run.go	28ab236b30837b61231bfaf464c288c43047d7d7b108ea07b14ee169209e2ada	reviewed	Incremental security audit: owner and scope binding, checkpoint identity confirmation, source retention and bounded capacity; 21-source batch regression
backend/internal/accountworkbench/security_batch_sources.go	c499d6fa79fcad4b7198cf3f652e4193bca556d491a1aa43dc00b61634908678	reviewed	Incremental security audit: owner and scope binding, checkpoint identity confirmation, source retention and bounded capacity; 21-source batch regression
backend/internal/accountworkbench/security_batch_types.go	421191f554804bf3133c71dc54a5d443cb86c663b545e731f2efd2089f790dd2	reviewed	Incremental security audit: owner and scope binding, checkpoint identity confirmation, source retention and bounded capacity; 21-source batch regression
backend/internal/accountworkbench/security_checkpoint.go	2e802b3007803fbfcc24d0186170c5fac2ae1c62d6ce42305ded994eebb06da6	reviewed	Incremental security audit: owner and scope binding, checkpoint identity confirmation, source retention and bounded capacity; 21-source batch regression
backend/internal/accountworkbench/security_confirmation.go	c07865c54ca0f63eece0a65b662fcaa27cd75110da14d824afa3cbca07835043	reviewed	Incremental security audit: owner and scope binding, checkpoint identity confirmation, source retention and bounded capacity; 21-source batch regression
backend/internal/accountworkbench/security_identity.go	a11c8af2cc52a3cfd71dd84ca6e17b764b44493d38e8f614630dcff6ab9e0791	reviewed	逐行复读本地安全批处理增量：来源范围与身份、版本与生命周期、串行写步骤、结果脱敏与落盘；需增量稳定后复查hash与race
backend/internal/accountworkbench/security_oauth.go	d86379971d70127769ff1ecc95f7140640c85fddf3fd4ba860472826ff35b677	reviewed	Incremental security audit: owner and scope binding, checkpoint identity confirmation, source retention and bounded capacity; 21-source batch regression
backend/internal/accountworkbench/security_runner.go	db3d787f0ff27238eb979600fe34caf16150a86d64aba81a016af1eb74f45c88	reviewed	Incremental detached-result audit: copy source index in returned views and task results; bounded standalone and batch retention
backend/internal/accountworkbench/security_session.go	dd2a0da96ad42ca313610683db8078060b28da190bfbb0f285b73c0e7ad40897	reviewed	Incremental detached-result audit: copy source index in returned views and task results; bounded standalone and batch retention
backend/internal/accountworkbench/security_source.go	1dffc6c286d38f9f131d338bb764bf11e845bc6b3f4b77a588803593cc2e233a	reviewed	Incremental security audit: owner and scope binding, checkpoint identity confirmation, source retention and bounded capacity; 21-source batch regression
backend/internal/accountworkbench/security_steps.go	cbe51b324592fe98db40bd4abba0ff8d6bd7bc4462777c699879095b8f437534	reviewed	交叉逐文件复审授权来源安全操作：owner/有效期/稳定用户邮箱工作区/scope及管理目标再次校验；取消同source操作锁串行；私有产物不绑定线上资料；已读来源成功及拒绝回归。
backend/internal/accountworkbench/security_storage.go	fda24c2ba25ac931b04621385e422f59c8c11969dc6c3ed467f83fad58e4e362	reviewed	Incremental security audit: owner and scope binding, checkpoint identity confirmation, source retention and bounded capacity; 21-source batch regression
backend/internal/accountworkbench/service.go	3bfe07d21985fa721053add5889c907bba8f93f35ca117fb64372dc6af58ffe0	reviewed	Full re-read latest local RT deferred refresh, source profile callbacks, queue lifetime/scope and original index restoration; existing identity index preserved.
backend/internal/accountworkbench/sms_receipts.go	53a3b2abbae3df12c8aebcf158ed5a16cd7a5fd24c29f3105ba2247538268c51	reviewed	Reviewed current implementation and incremental changes: scope binding, no replay checkpoint lifecycle, identity index semantics, redaction, loading and error states, API contract and browser regression coverage.
backend/internal/accountworkbench/source_profile.go	1937e81076da5008197d5a78b56ba76e6c3f9544cc69fb070683a16724539c9d	reviewed	Read local-export/source-profile increment; task scope regression fixed after failing test; affected source-profile/local-export race passed 19.021s
backend/internal/accountworkbench/source_profile_authorization.go	7dd8ec904549cedd09c5b64e83d20e9b96e3dc197c0ffaa27301731125dde531	reviewed	Read local-export/source-profile increment; task scope regression fixed after failing test; affected source-profile/local-export race passed 19.021s
backend/internal/accountworkbench/source_profile_export.go	8092e95a03dfad4d7869e4a612bd574ef4d34a68e8577e4a54d1a2f65cc2951d	reviewed	Read local-export/source-profile increment; task scope regression fixed after failing test; affected source-profile/local-export race passed 19.021s
backend/internal/accountworkbench/source_profile_identity.go	f880fcceddd11b6e48cd66e6e44603f99974899e531eef19a0f2a5bb57800ce6	reviewed	Read local-export/source-profile increment; task scope regression fixed after failing test; affected source-profile/local-export race passed 19.021s
backend/internal/accountworkbench/source_profile_security.go	c37fa6ceb9e5f4d97589d4d42860ab24d9e3bcb16b7d1744d857bf8cc5a03f06	reviewed	Read local-export/source-profile increment; task scope regression fixed after failing test; affected source-profile/local-export race passed 19.021s
backend/internal/accountworkbench/source_profile_types.go	05a8fadc7f4eebded20bc4fc580a51b11efe9f4aa1db6627508f110bb7e9d588	reviewed	Read local-export/source-profile increment; task scope regression fixed after failing test; affected source-profile/local-export race passed 19.021s
backend/internal/accountworkbench/template.go	d330074a1581c37c54f7d0c65e8d1fdad95cc8f85f8ae9b2a8f96be14f4e26ca	reviewed	逐行审查：输入白名单、凭据隔离、预览所有权、目标与模板版本校验；身份匹配重复解析性能待复核。
backend/internal/accountworkbench/templates.go	069a8388344be39214567822f7dfb7a3a82f85b007429551af4ad9ed766ff3be	reviewed	逐行审查：输入白名单、凭据隔离、预览所有权、目标与模板版本校验；身份匹配重复解析性能待复核。
backend/internal/accountworkbench/templates_source.go	ced3a5cdeb38e3aff5520d513ed397e3e7d9e4b7a43fac56ecae6cb334fa4489	reviewed	逐行审查：输入白名单、凭据隔离、预览所有权、目标与模板版本校验；身份匹配重复解析性能待复核。
backend/internal/accountworkbench/types.go	36b3bde6815b012dc770ab6bc49c16524970222e93ee2eeb039a1d8052ce4320	reviewed	逐行审查：输入白名单、凭据隔离、预览所有权、目标与模板版本校验；身份匹配重复解析性能待复核。
backend/scripts/check-go.sh	f3393e0483026ea7587a43e7779edf4ee6a2c4fbf008f3e0759f1b3e5be7ddbb	reviewed	已阅读全文并核对职责、测试/构建入口及现有审查基线；后续统一验证配置一致性。
docker-compose.yml	b0c59624c83e2cc6cfee4cc4b66798df86c0532c5aae274ec835a0a8f5d8410e	reviewed	Read all release scripts/workflows/notes and deployment inputs; missing release guards/latest ordering corrected with tested manifest verification. Legacy dual-image release documentation pending synchronization.
docs/account-workbench-integration.md	167dec4b297ff1ccfe7163944ebf1f1396d74d4ee24e0c617470038de6b375e2	reviewed	Push preparation: ignore generated TanStack temporary cache; reviewed final integration validation note. All application code still matches the completed audit snapshot.
docs/deployment.md	584b85058a21e28447f46119d223a66ff56b10805e933d0815b657cfc963b93a	reviewed	Read all current product/deployment/integration/dictionary/loading/style documentation; historical verification statements treated as prior work, not current audit evidence.
docs/dictionary-inventory.md	7dbe5424d58518407daf0d7ae72e167b8f17d8bb14bc1e4d5738c5a00529c259	reviewed	Read all current product/deployment/integration/dictionary/loading/style documentation; historical verification statements treated as prior work, not current audit evidence.
docs/frontend-refresh-audit.md	5f31f24c19a4e5ba5f0528b3e1d03708e5c770fae7f96b9dcd5da5b22ff42c41	reviewed	Read all current product/deployment/integration/dictionary/loading/style documentation; historical verification statements treated as prior work, not current audit evidence.
docs/loading-interactions.md	c66c1c43af4ab5bdbab61f5fb5a528ba178f85c0aa15775b535ab7ab0aeee5fb	reviewed	Read all current product/deployment/integration/dictionary/loading/style documentation; historical verification statements treated as prior work, not current audit evidence.
docs/reviews/frontend-app-accounts-review-2026-09-07.md	439402a7fa424296e444678cca50955af74ede07cfe43198939ca00f44f7a261	reviewed	Read complete historical reports and per-file index; verified scope/dated evidence distinctions, do not reuse historic completion or test counts for current audit.
docs/reviews/frontend-app-operations-review-2026-09-07.md	4121ae85ecb8b362472076c1797a1eaee6f63278f1da5060250992c75d726342	reviewed	Read complete historical reports and per-file index; verified scope/dated evidence distinctions, do not reuse historic completion or test counts for current audit.
docs/reviews/frontend-app-upstream-auth-review-2026-09-07.md	2f8f007aa2ffa2c57f8a0ef310ef06fc60e24e488a7c6ed42d8e90d52dd00c20	reviewed	Read complete historical reports and per-file index; verified scope/dated evidence distinctions, do not reuse historic completion or test counts for current audit.
docs/reviews/frontend-features-review-2026-09-07.md	d8a7cc0559e7732db43281226d4522de0b945a8199948f2af891bec704208740	reviewed	Read complete historical reports and per-file index; verified scope/dated evidence distinctions, do not reuse historic completion or test counts for current audit.
docs/reviews/frontend-review-2026-09-07.md	920113c271c85fae084dad8ed030a56ee5a20aaf3adbb916ea9e3eb4d5feb592	reviewed	Read complete historical reports and per-file index; verified scope/dated evidence distinctions, do not reuse historic completion or test counts for current audit.
docs/reviews/frontend-shared-review-2026-09-07.md	281589217b7f80556f92297a14ef4b7bb891bf1da2eac6b92301c4dcf522bfcb	reviewed	Read complete historical reports and per-file index; verified scope/dated evidence distinctions, do not reuse historic completion or test counts for current audit.
docs/reviews/global-review-2026-09-07.md	12837db12abeb87e3af59f47e4c106e2e7434a9502aa37ac766e439a246cbd55	reviewed	Read complete historical reports and per-file index; verified scope/dated evidence distinctions, do not reuse historic completion or test counts for current audit.
docs/reviews/global-review-accounts-upstreams-2026-09-07.md	bfd38de32c3a14751e94a40f04b83e20e3d5745465d1032f8093f65543267e31	reviewed	Read complete historical reports and per-file index; verified scope/dated evidence distinctions, do not reuse historic completion or test counts for current audit.
docs/reviews/global-review-coverage-2026-09-07.md	d3433a30dc6dae6783815c88c3e6ecc5098371ae6729850b56c84eec43aaaaa8	reviewed	Read complete historical reports and per-file index; verified scope/dated evidence distinctions, do not reuse historic completion or test counts for current audit.
docs/reviews/operations-review-2026-09-07.md	ec7d177aa30faf9c54622ebca6729fe7dfdbfc1ada858f6141b26bb5629e6ec1	reviewed	Read complete historical reports and per-file index; verified scope/dated evidence distinctions, do not reuse historic completion or test counts for current audit.
docs/reviews/project-efficiency-review-2026-09-14.md	8d0bb736cc6724182e0c1006ace74c8576fec1fdedc863eb14add0c247008a37	reviewed	Read complete historical reports and per-file index; verified scope/dated evidence distinctions, do not reuse historic completion or test counts for current audit.
docs/reviews/root-coordination-2026-09-07.md	a1650382ca4670e39d243bb047527d52dae17996e81c4279f31a25d1ec184eeb	reviewed	Read complete historical reports and per-file index; verified scope/dated evidence distinctions, do not reuse historic completion or test counts for current audit.
docs/reviews/scaling-budget-fixes-2026-09-07.md	4410952eab875cb1176188394772a7d7eb539a2276960df9ad7e303e88c4697a	reviewed	Read complete historical reports and per-file index; verified scope/dated evidence distinctions, do not reuse historic completion or test counts for current audit.
docs/reviews/scheduling-policy-fixes-2026-09-07.md	e60c673438b847f106890d22e2784454fe7d13fc92937982292a632fba87303c	reviewed	Read complete historical reports and per-file index; verified scope/dated evidence distinctions, do not reuse historic completion or test counts for current audit.
docs/reviews/scheduling-policy-review-2026-09-07.md	7fa364b0aaff32237b41302938dccd6717100e129bd1377ed9a7accc7c887166	reviewed	Read complete historical reports and per-file index; verified scope/dated evidence distinctions, do not reuse historic completion or test counts for current audit.
docs/reviews/scheduling-safety-fixes-2026-09-07.md	835e2f80f837e6a97382b88d8f77f9915adb71e080d30b365f0ff9598137fa52	reviewed	Read complete historical reports and per-file index; verified scope/dated evidence distinctions, do not reuse historic completion or test counts for current audit.
frontend/.dockerignore	4d2f8b6a606e6a4e5846b1cdb66aad4e24464b31f9a6b13049cc66455eccd4eb	reviewed	已阅读全文并核对职责、测试/构建入口及现有审查基线；后续统一验证配置一致性。
frontend/.prettierignore	dd2fbebf180366b228a85fae9ba30e5d6834aeb161c7dd9a9cc89859ef28ef57	reviewed	已阅读全文并核对职责、测试/构建入口及现有审查基线；后续统一验证配置一致性。
frontend/Dockerfile	08d1a79af904eceef80db553591c2a210882fe3146e258332e4539f2380ca1d4	reviewed	Read complete theme tokens, shell context, HTML metadata, deployment proxy input restrictions and isolated proxy tests; no confirmed regression in these files.
frontend/STYLE-GUIDE.md	8856c4e66e2103bf3992bd156fb6155c98f6122fece45de5740a52d57f5291d3	reviewed	Read all current product/deployment/integration/dictionary/loading/style documentation; historical verification statements treated as prior work, not current audit evidence.
frontend/STYLE_AUDIT.md	456b03942d20833106da4c16ac659a04487fcfb3a9f793e4ed114187b4f28801	reviewed	Read all current product/deployment/integration/dictionary/loading/style documentation; historical verification statements treated as prior work, not current audit evidence.
frontend/STYLE_GUIDE.md	11c262e65bef827c1dc25e2e9cf431f48a48a9f57e7c5ffff493ee4513429617	reviewed	Read all current product/deployment/integration/dictionary/loading/style documentation; historical verification statements treated as prior work, not current audit evidence.
frontend/bun.lock	3c32f288bc2ee76ed6869a0b16536297f23f648469afb5f06f18ca577312f66d	reviewed	JSONC解析完整锁文件785项：与package.json一致，全部Registry包含合法SHA512完整性字段；逐项查看包名版本，后续依赖审计
frontend/docker-entrypoint.d/40-configure-trusted-proxies.sh	1aac3183f6e66234b54885441f029cc6ee7ed889bbe81458ca12ae6c32f2b8c9	reviewed	Read complete theme tokens, shell context, HTML metadata, deployment proxy input restrictions and isolated proxy tests; no confirmed regression in these files.
frontend/e2e/__tests__/account-table-layout.e2e.ts	914bf9fc2bb255a6229919d3ab4a7181809a5396bea9999016beff6124043397	reviewed	逐行审查隔离夹具、请求契约、任务等待、键盘和响应式断言；本批未发现需独立修复的问题
frontend/e2e/__tests__/account-workbench/checkpoint-security.e2e.ts	4f25d4ebb4dd9155c7347f2de933688b05469639de317621c8d81d2c59ac4320	reviewed	Full regression review: checkpoint security requires observed identity, new OAuth has fresh state/PKCE and original proxy/SMS lineage, mobile/desktop secret-free workflow and explicit SMS fees.
frontend/e2e/__tests__/account-workbench/cleanup.e2e.ts	971200e125c4a83cbf6d1323b185a8f13ae869bc8593a647dd64925f77c779e7	reviewed	逐行审查：清理影响范围与阻塞、检查点人工恢复、短信凭据清除及长文本响应式回归，全部使用隔离API。
frontend/e2e/__tests__/account-workbench/conversion.e2e.ts	2800edf7a92f4a247a25210f94264f0195461970013b026edda0e22694fd508b	reviewed	逐行审查隔离夹具、请求契约、任务等待、键盘和响应式断言；本批未发现需独立修复的问题
frontend/e2e/__tests__/account-workbench/export.e2e.ts	cf819841ad1a2c438937dbb06316e360b471d0ea2a560c5ac11f4f3a4fd15657	reviewed	逐行审查隔离夹具、请求契约、任务等待、键盘和响应式断言；本批未发现需独立修复的问题
frontend/e2e/__tests__/account-workbench/fixture.ts	dc8fe71676d19d5a7fffd82500466ed6b833b64eb12bdb275cc805a4fb92f2b3	reviewed	逐行审查隔离夹具、请求契约、任务等待、键盘和响应式断言；本批未发现需独立修复的问题
frontend/e2e/__tests__/account-workbench/history-query.e2e.ts	c173fca69a0be04ba848ae6c0401507427d0bbb6cb62c3d28de6483f42e50cae	reviewed	逐行审查隔离夹具、请求契约、任务等待、键盘和响应式断言；本批未发现需独立修复的问题
frontend/e2e/__tests__/account-workbench/history.e2e.ts	dea7caff7b1e1416ea7f465656ca28abba8af872d893d9d2c24d4f0ff0f28214	reviewed	逐行审查隔离夹具、请求契约、任务等待、键盘和响应式断言；本批未发现需独立修复的问题
frontend/e2e/__tests__/account-workbench/local-export.e2e.ts	b403c01b2ed41c65d560c6f6518ebe6f5128cdcfbbe55d2b09a163bb9472fe70	reviewed	Reviewed current integration and local export contract; token exchange checkpoint revocation and scoped SMS documented; isolated regression fixtures verified.
frontend/e2e/__tests__/account-workbench/local-regeneration.e2e.ts	5bc16f7f6ab0069e499e083fd0ae353a27cf5d1427adfc35c97ffd189066058a	reviewed	Read complete isolated regressions: no RT call before final confirmation; local scope only; stable source indexes, official identity confirmation and responsive dialog overflow.
frontend/e2e/__tests__/account-workbench/local-source-profiles.e2e.ts	3da57c3c4bad8f23bff5bdf5e828af7a2a3402fd5d43f14fedc96c1cba124a07	reviewed	Re-read explicit local-export request scopes and query parameters; browser source-profile save/export/reauthorization flow uses isolated response fixtures and stable revisions.
frontend/e2e/__tests__/account-workbench/login-profiles.e2e.ts	e9aeb8da4e8558b3caa17f7e5bf20244a7177e0de4b27e463ce8231429ebcc04	reviewed	逐行审查隔离夹具、请求契约、任务等待、键盘和响应式断言；本批未发现需独立修复的问题
frontend/e2e/__tests__/account-workbench/maintenance-authorization.e2e.ts	ee0b02d88d9aea5d6bcc971bdc5ea5a40c78d7ce6bc0024373a7238bdd40e67d	reviewed	逐行审查隔离夹具、请求契约、任务等待、键盘和响应式断言；本批未发现需独立修复的问题
frontend/e2e/__tests__/account-workbench/maintenance-uploads.e2e.ts	97d741cd1a969a288024e12906b22de42f97d19737b4ea7d28b5d1f58754cfd5	reviewed	Reviewed entire source and latest changes: maintenance retry, identity/version checks, private result persistence, cancellation and UI regression boundaries; prototype-key crashes reproduced and corrected.
frontend/e2e/__tests__/account-workbench/mixed-queue.e2e.ts	802ce2472bd746fef9974067219872c6fabafb737e527a6da74fda38a543e01e	reviewed	Reviewed entire source and latest changes: maintenance retry, identity/version checks, private result persistence, cancellation and UI regression boundaries; prototype-key crashes reproduced and corrected.
frontend/e2e/__tests__/account-workbench/mixed-run.e2e.ts	29c710dba4b4d1b54cfc1fc44cc8d48dc7a0f0f2a7afbed25782d34b38bb67e6	reviewed	逐行审查隔离夹具、请求契约、任务等待、键盘和响应式断言；本批未发现需独立修复的问题
frontend/e2e/__tests__/account-workbench/oauth-batch.e2e.ts	bded1883d5e259db824ddd88fa00f6cd611230dfd3f07ab86ce320fe2d5025a9	reviewed	逐行审查隔离夹具、请求契约、任务等待、键盘和响应式断言；本批未发现需独立修复的问题
frontend/e2e/__tests__/account-workbench/oauth-checkpoints.e2e.ts	8338d401ed32ccb6666e61630bfb1dcd1412a3344c12c354733aa394c8f0683a	reviewed	逐行审查：清理影响范围与阻塞、检查点人工恢复、短信凭据清除及长文本响应式回归，全部使用隔离API。
frontend/e2e/__tests__/account-workbench/oauth-login.e2e.ts	10112222175f5147462130dde9482f75d9ce26afb8c9a2d0709a821f9b4b646e	reviewed	逐行审查隔离夹具、请求契约、任务等待、键盘和响应式断言；本批未发现需独立修复的问题
frontend/e2e/__tests__/account-workbench/oauth-proxy.e2e.ts	94be408ce10e54c0c21684d125be566cc2b36268285850496b3f20c9ab9939ca	reviewed	逐行审查隔离夹具、请求契约、任务等待、键盘和响应式断言；本批未发现需独立修复的问题
frontend/e2e/__tests__/account-workbench/oauth-security.e2e.ts	487fca8d8cdd5c765f929bf0b8b0a569d86e02e9b4d4a0b8cbaad5eca27baa60	reviewed	Incremental content review: checkpoint claim/CAS and expiry, official identity confirmation before write, private artifact scope, SMS original-order retention, API no-store payloads and isolated browser workflow.
frontend/e2e/__tests__/account-workbench/oauth-sms.e2e.ts	b17bdca6610d3b54285281f5b2242361dc01852fc9766a95f0010cb0bf09668f	reviewed	逐行审查隔离夹具、请求契约、任务等待、键盘和响应式断言；本批未发现需独立修复的问题
frontend/e2e/__tests__/account-workbench/oauth.e2e.ts	6c514ab90b3f58f9422d697f033a99a8b7cccbd7e8ec51e236212a0691822a9f	reviewed	Re-reviewed final keyboard navigation assertions, explicit import confirmation, browser input, long template wrapping and session cancellation; desktop/mobile 4 E2E cases passed in 23.0s, ESLint and format passed.
frontend/e2e/__tests__/account-workbench/profile-export.e2e.ts	3546fdb3d5373b5ef31a21e2e5e46dc7e93a4c8ea083797380376f1515e51adc	reviewed	逐行审查隔离夹具、请求契约、任务等待、键盘和响应式断言；本批未发现需独立修复的问题
frontend/e2e/__tests__/account-workbench/queue-checkpoint-recovery.e2e.ts	31886389951922d95c5a2edf9ad67b29d86cc293047978414738f5220c20c115	reviewed	Reviewed complete browser scenario: account scope, current task reconnection, two-step cancellation, long identity layout, keyboard and scope-bound requests.
frontend/e2e/__tests__/account-workbench/regeneration.e2e.ts	15699c4d3bb1e0afa24114f986e53cf9c4529881804f89c78c73a4b7b071732e	reviewed	逐行审查隔离夹具、请求契约、任务等待、键盘和响应式断言；本批未发现需独立修复的问题
frontend/e2e/__tests__/account-workbench/retry.e2e.ts	e144722a789b16f9e520a15ab2474d331071b2c59f4bad32ccb2903c56eda00a	reviewed	逐行审查授权重试、预览确认、请求隔离、刷新保留、加载与尺寸及滚动回归；未发现独立缺陷
frontend/e2e/__tests__/account-workbench/security.e2e.ts	c4d550cb0cf742e0c62abe6f28dae90918546187762be1c6a4aadae5f36d9550	reviewed	逐行审查授权重试、预览确认、请求隔离、刷新保留、加载与尺寸及滚动回归；未发现独立缺陷
frontend/e2e/__tests__/account-workbench/sms-attachment.e2e.ts	f313dd1d6a96b6c18026815198e4ca7eb8b1a1a374977a5f6ad41fba247e0929	reviewed	Full regression review: checkpoint security requires observed identity, new OAuth has fresh state/PKCE and original proxy/SMS lineage, mobile/desktop secret-free workflow and explicit SMS fees.
frontend/e2e/__tests__/account-workbench/sms-receipts.e2e.ts	ed28aab4d574dd56a816156b5f2a97c4deaf6157e00864e19504e035954a7301	reviewed	逐行审查：清理影响范围与阻塞、检查点人工恢复、短信凭据清除及长文本响应式回归，全部使用隔离API。
frontend/e2e/__tests__/account-workbench/source-security-batch.e2e.ts	aa5638674a06a530b65847b5118ab20aae0e557492ad867d758230973cc7c76d	reviewed	Reviewed latest local source profile identity/version/scope contracts and source batch explicit fresh OAuth lifecycle; documentation matches implemented boundaries; desktop/mobile regression re-executed during closeout.
frontend/e2e/__tests__/account-workbench/templates.e2e.ts	162ae8c09966883b9709f26a6f891397c91dfc283ca3f77fdbc626b100653002	reviewed	逐行审查授权重试、预览确认、请求隔离、刷新保留、加载与尺寸及滚动回归；未发现独立缺陷
frontend/e2e/__tests__/alert-policy-layout.e2e.ts	f650d56b5b5eb6153075d2809ee0cfe61750c1e87f2155f07ada063cacd2bfb9	reviewed	逐行审查授权重试、预览确认、请求隔离、刷新保留、加载与尺寸及滚动回归；未发现独立缺陷
frontend/e2e/__tests__/alert-policy-loading.e2e.ts	2f3b9394431520fbfa24ffb4f3323fa16c196c130acf3393df0f722ed932d504	reviewed	逐行审查授权重试、预览确认、请求隔离、刷新保留、加载与尺寸及滚动回归；未发现独立缺陷
frontend/e2e/__tests__/animation-module-loading.e2e.ts	9e25c187742dd5a142dd0ecbfc6663982de2e2ce5701e16baca50b74b09ec89a	reviewed	逐行审查授权重试、预览确认、请求隔离、刷新保留、加载与尺寸及滚动回归；未发现独立缺陷
frontend/e2e/__tests__/background-refresh.e2e.ts	2d104b15c2601a51815012c3a85699577701c77e75421906443b626fdecaeead	reviewed	逐行审查授权重试、预览确认、请求隔离、刷新保留、加载与尺寸及滚动回归；未发现独立缺陷
frontend/e2e/__tests__/brand-entrypoints.e2e.ts	a20ac1f238064925a1a253f5fb6c7883b2296d193b4ef7912bfd6182f48a03a0	reviewed	逐行审查授权重试、预览确认、请求隔离、刷新保留、加载与尺寸及滚动回归；未发现独立缺陷
frontend/e2e/__tests__/browser-login.e2e.ts	036ba4e637428f56eca204f549ab8b76f09dfbedc432fde7ca7f8c387e6d2e79	reviewed	逐行审查授权重试、预览确认、请求隔离、刷新保留、加载与尺寸及滚动回归；未发现独立缺陷
frontend/e2e/__tests__/browser-login/manual-login.e2e.ts	e520c9634670c99df9c1c75d0596aaaeaf091bdf053e80cba990be5fefcc7b9e	reviewed	逐行审查授权重试、预览确认、请求隔离、刷新保留、加载与尺寸及滚动回归；未发现独立缺陷
frontend/e2e/__tests__/button-sizing.e2e.ts	dcbe533da022e6559ba8c87d92b9b90a4b4118fc5e1ebc21f853c250d76ff934	reviewed	逐行审查授权重试、预览确认、请求隔离、刷新保留、加载与尺寸及滚动回归；未发现独立缺陷
frontend/e2e/__tests__/custom-animation-layout.e2e.ts	9498ca996ae11e98e8c75125e94a6db2e1d401b45998c4b2784a3403370b849b	reviewed	逐行审查授权重试、预览确认、请求隔离、刷新保留、加载与尺寸及滚动回归；未发现独立缺陷
frontend/e2e/__tests__/custom-animation-models.e2e.ts	8aeea7a11317810497da35c9ceda5f72f37923ae4f406cb5f006a8b3677707fb	reviewed	逐行审查授权重试、预览确认、请求隔离、刷新保留、加载与尺寸及滚动回归；未发现独立缺陷
frontend/e2e/__tests__/custom-animation.e2e.ts	4e73769faa31e1222cb416b5c78677841851d769c045bed5e93b93a3003c59af	reviewed	逐行审查授权重试、预览确认、请求隔离、刷新保留、加载与尺寸及滚动回归；未发现独立缺陷
frontend/e2e/__tests__/dialog-heading-scroll.e2e.ts	96268f22623a78453c5aea1a401c9bcc1d7739a55e17e427368bdd10dd397350	reviewed	逐行审查授权重试、预览确认、请求隔离、刷新保留、加载与尺寸及滚动回归；未发现独立缺陷
frontend/e2e/__tests__/dialog-table-scroll.e2e.ts	ccd2f61b48b5f7fd7118db34d89a81e492c43f457ec07b461e362cb5ab0ac10a	reviewed	逐行审查表格动画、排序交互、JSON编辑夹具、共享数据与表单加载断言；未发现独立缺陷
frontend/e2e/__tests__/dictionary-drag.e2e.ts	4d24bb46ba40f24d2e08a282f11ff6eb2ab7e8446375847192955582d7e73145	reviewed	逐行审查表格动画、排序交互、JSON编辑夹具、共享数据与表单加载断言；未发现独立缺陷
frontend/e2e/__tests__/dictionary-responsiveness.e2e.ts	371b3a18c432514d071bf5df11649543924e742227b20827b6ff43dfba74a0f3	reviewed	逐行审查表格动画、排序交互、JSON编辑夹具、共享数据与表单加载断言；未发现独立缺陷
frontend/e2e/__tests__/editor-loading.e2e.ts	a81b79a08f5e1958e3b782e0ae0940675297ebf4fa163403f867ec42d917d683	reviewed	逐行审查表格动画、排序交互、JSON编辑夹具、共享数据与表单加载断言；未发现独立缺陷
frontend/e2e/__tests__/fixtures/browser-login.tsx	abd0690207417d630d4d0935cced33ed25c84cc9bfa51d10d20b5b15a1b047dc	reviewed	逐行审查表格动画、排序交互、JSON编辑夹具、共享数据与表单加载断言；未发现独立缺陷
frontend/e2e/__tests__/fixtures/json-editor-harness.ts	422260ec29e515add0c3fb903af89e79135b00bb0184da03fb6b851e005165d8	reviewed	逐行审查表格动画、排序交互、JSON编辑夹具、共享数据与表单加载断言；未发现独立缺陷
frontend/e2e/__tests__/fixtures/json-editor.tsx	0f8054fcadd16e6902ed6c15161410a09126dd2a6a5d59e9fd069935876ad980	reviewed	逐行审查表格动画、排序交互、JSON编辑夹具、共享数据与表单加载断言；未发现独立缺陷
frontend/e2e/__tests__/fixtures/model-check-configuration.ts	08893ee4eaa62c410aaffd7dc555bf0be370c8b6b208f883b48c58bf3826069e	reviewed	逐行审查表格动画、排序交互、JSON编辑夹具、共享数据与表单加载断言；未发现独立缺陷
frontend/e2e/__tests__/fixtures/operations.ts	c6ba758845ea5ec1f831b38c34c817da3763bc665b9250a61e34a98609fb623e	reviewed	逐行审查表格动画、排序交互、JSON编辑夹具、共享数据与表单加载断言；未发现独立缺陷
frontend/e2e/__tests__/fixtures/overview.ts	87c3685c5a7c50683824b4dba770e4bce9adb8cde420cd6a5e19199569e25394	reviewed	逐行审查表格动画、排序交互、JSON编辑夹具、共享数据与表单加载断言；未发现独立缺陷
frontend/e2e/__tests__/fixtures/page-shell.ts	7dde32a0c7d972c021e3e1a2f7c3af863221dd611f5663e449c19c549167b376	reviewed	逐行审查表格动画、排序交互、JSON编辑夹具、共享数据与表单加载断言；未发现独立缺陷
frontend/e2e/__tests__/fixtures/settings.ts	3742dee9d1d02425e63077963c447b48dcba78d5cc7e8e0ae16a6a60283e8389	reviewed	逐行审查表格动画、排序交互、JSON编辑夹具、共享数据与表单加载断言；未发现独立缺陷
frontend/e2e/__tests__/fixtures/style-surfaces.tsx	5e4b1432cc7cf4e485b57176424aa03e57e43f3185fe98f9a1f39be76c009593	reviewed	逐行审查表格动画、排序交互、JSON编辑夹具、共享数据与表单加载断言；未发现独立缺陷
frontend/e2e/__tests__/fixtures/tooltip-layout.tsx	61757df88bfd8decc262a5869570a8af578ed91a35b4a1b8bfab794e4283e3da	reviewed	逐行审查表格动画、排序交互、JSON编辑夹具、共享数据与表单加载断言；未发现独立缺陷
frontend/e2e/__tests__/form-loading-layout.e2e.ts	effcd24e6dfc747c0c067aef5966aa5743cb8a82cb70ec6a0d33c1b13873f23d	reviewed	逐行审查表格动画、排序交互、JSON编辑夹具、共享数据与表单加载断言；未发现独立缺陷
frontend/e2e/__tests__/group-policy-editor.e2e.ts	66e49d32952edc8d90a3575560dac59554f094e6d5b1c73260d6b76b7c70e43e	reviewed	逐行审查分组策略、失败重试、JSON交互、登录和动画任务、规则编辑的用户行为回归；未发现独立缺陷
frontend/e2e/__tests__/group-selection-layout.e2e.ts	f8c96b89ffb87d551f9dd17bcaa0009748914674f8d78e2bc0ff5893c92ab945	reviewed	逐行审查分组策略、失败重试、JSON交互、登录和动画任务、规则编辑的用户行为回归；未发现独立缺陷
frontend/e2e/__tests__/inspection-failures.e2e.ts	b70f56459cd219715c38b66b487a0b64a40495bc3d415fde8e9e1f68cfbe373b	reviewed	逐行审查分组策略、失败重试、JSON交互、登录和动画任务、规则编辑的用户行为回归；未发现独立缺陷
frontend/e2e/__tests__/json-editor-search.e2e.ts	7c9a027cc0a210d12b2cde8d9cb32e848184c5ca4f8b4233f88bcf8db3e6e678	reviewed	逐行审查分组策略、失败重试、JSON交互、登录和动画任务、规则编辑的用户行为回归；未发现独立缺陷
frontend/e2e/__tests__/json-editor.e2e.ts	d94272c9be240c015abddc4d896b56c9afbaa77c4c6a6718c6f3d65e17c6c60e	reviewed	逐行审查分组策略、失败重试、JSON交互、登录和动画任务、规则编辑的用户行为回归；未发现独立缺陷
frontend/e2e/__tests__/loading-layout.e2e.ts	9994a013fcbc84e3e5c37f4a1307928fce93c1bc2d3ec619c9a92470865407d9	reviewed	逐行审查分组策略、失败重试、JSON交互、登录和动画任务、规则编辑的用户行为回归；未发现独立缺陷
frontend/e2e/__tests__/loading-lifecycle.e2e.ts	61d70372e17363248540221a55acf0006cfd80942e5ec22e3650c93b02d2e848	reviewed	逐行审查分组策略、失败重试、JSON交互、登录和动画任务、规则编辑的用户行为回归；未发现独立缺陷
frontend/e2e/__tests__/login-orchestration.e2e.ts	c031b69c91b13849c79847204b82640bb633830073f771f324241d7fbaa250a8	reviewed	逐行审查分组策略、失败重试、JSON交互、登录和动画任务、规则编辑的用户行为回归；未发现独立缺陷
frontend/e2e/__tests__/login-page.e2e.ts	5bd8e3d60ba4013137ca8906158cc306c40eafc8e70a3168b42d2a1d30dfdc04	reviewed	逐行审查分组策略、失败重试、JSON交互、登录和动画任务、规则编辑的用户行为回归；未发现独立缺陷
frontend/e2e/__tests__/login-theme.e2e.ts	488771fca7aec7368e4514dac93f0d73e1dde1063d52d38201e03fc892da34a8	reviewed	逐行审查分组策略、失败重试、JSON交互、登录和动画任务、规则编辑的用户行为回归；未发现独立缺陷
frontend/e2e/__tests__/model-animation.e2e.ts	6766b403bbf28e835b8d7bf4f2e77e97d1fbcb4cc2ed29861baf5fa5a010d0da	reviewed	逐行审查分组策略、失败重试、JSON交互、登录和动画任务、规则编辑的用户行为回归；未发现独立缺陷
frontend/e2e/__tests__/model-check-advanced-layout.e2e.ts	6c5c9051d7449fe4a53aa8e6cc27a7feefa3b6bd06cef0dcff6889286b7f24ac	reviewed	逐行审查分组策略、失败重试、JSON交互、登录和动画任务、规则编辑的用户行为回归；未发现独立缺陷
frontend/e2e/__tests__/model-check-advanced-viewport.e2e.ts	a38fbb6bb7ec9449d8c26e5e078b3f6dba319d6bd25c1303e507bf4a95bb0151	reviewed	逐行审查分组策略、失败重试、JSON交互、登录和动画任务、规则编辑的用户行为回归；未发现独立缺陷
frontend/e2e/__tests__/model-check-rules.e2e.ts	f4947fc5f3057dc6c8606ead99ada59982d10631754f48857866ef37ee3f6bfb	reviewed	逐行审查模型规则、探活阶段、运营页面、价格配置加载和分页断言；未发现独立缺陷
frontend/e2e/__tests__/model-check-search.e2e.ts	4af51fedf0f20b612d41598dc46d47ae46d19c6df989ca7e245e97869fa0bf83	reviewed	逐行审查模型规则、探活阶段、运营页面、价格配置加载和分页断言；未发现独立缺陷
frontend/e2e/__tests__/monitor-tooltips.e2e.ts	55254f5e2e108cb32311c34e96672812879d057051b64c1b2572f3aa802a938b	reviewed	逐行审查模型规则、探活阶段、运营页面、价格配置加载和分页断言；未发现独立缺陷
frontend/e2e/__tests__/onboarding-probe-progress.e2e.ts	c7ba31253e97ac8a8b924ad57f029bdcb11ca4d93e015a6c4e90fb28fa21e14d	reviewed	逐行审查模型规则、探活阶段、运营页面、价格配置加载和分页断言；未发现独立缺陷
frontend/e2e/__tests__/operations-layout.e2e.ts	09857c251960f750e87c863935b5e970d04802700d1f0ab79c9dd432fe6f0bed	reviewed	逐行审查模型规则、探活阶段、运营页面、价格配置加载和分页断言；未发现独立缺陷
frontend/e2e/__tests__/overview-layout.e2e.ts	71b6c6cad346cb4074bf71deede85c1a76dca24a86b04c3475d40e7700f47ac0	reviewed	逐行审查模型规则、探活阶段、运营页面、价格配置加载和分页断言；未发现独立缺陷
frontend/e2e/__tests__/page-heading-actions.e2e.ts	b54d1d77e7c605f3cd0a0dafe616c870f5826f08e1499cb53d953026da292fdc	reviewed	逐行审查模型规则、探活阶段、运营页面、价格配置加载和分页断言；未发现独立缺陷
frontend/e2e/__tests__/page-shell-layout.e2e.ts	8b730fd17e07805df762b98062fa2446c4d0872275c02c175eac84be81c48eee	reviewed	逐行审查模型规则、探活阶段、运营页面、价格配置加载和分页断言；未发现独立缺陷
frontend/e2e/__tests__/price-cache-timestamp.e2e.ts	eedd4d7bf32ad5fa1b9b326c8e41ce1c7628b4ba9088907a1c6c49932c832daa	reviewed	逐行审查模型规则、探活阶段、运营页面、价格配置加载和分页断言；未发现独立缺陷
frontend/e2e/__tests__/pricing-catalog-layout.e2e.ts	edd96faaa0bb3f5c1250f8de32f910dbb25f96bc21f6e135d4d4066700ed2264	reviewed	逐行审查模型规则、探活阶段、运营页面、价格配置加载和分页断言；未发现独立缺陷
frontend/e2e/__tests__/pricing-config-loading.e2e.ts	d4fe55b2e58bf6143e505ee5d5345ba35409e106468b6edb996dbf96a994c7a3	reviewed	逐行审查模型规则、探活阶段、运营页面、价格配置加载和分页断言；未发现独立缺陷
frontend/e2e/__tests__/pricing-minimum.e2e.ts	40dd0bac6c533ac2dc782d431e98190468edfdda36003a268ce0aeaf2b894f16	reviewed	逐行审查价格精度、会话缓存、失败保留、排序、主题、共享布局和上游地址回归；请求均为隔离夹具
frontend/e2e/__tests__/pricing-revenue-loading.e2e.ts	b32a229925ad2c0c5925bfe57ca0a70c14107a43edb4d95bd6cfbe467af4732b	reviewed	逐行审查价格精度、会话缓存、失败保留、排序、主题、共享布局和上游地址回归；请求均为隔离夹具
frontend/e2e/__tests__/query-state-layout.e2e.ts	fb4dd9491d004674db437a2eee977dbb696e799890d5ecc524946cd88672d31d	reviewed	逐行审查价格精度、会话缓存、失败保留、排序、主题、共享布局和上游地址回归；请求均为隔离夹具
frontend/e2e/__tests__/raw-pricing-source.e2e.ts	75314aa0171781363521d549d24b4b3bbbbdd1a46834c68be7af3058abbae7d0	reviewed	逐行审查价格精度、会话缓存、失败保留、排序、主题、共享布局和上游地址回归；请求均为隔离夹具
frontend/e2e/__tests__/request-trace-layout.e2e.ts	24b9ac08f112b515f09a56391ab56c60d693c515f37fb889785416094d0f5477	reviewed	逐行审查价格精度、会话缓存、失败保留、排序、主题、共享布局和上游地址回归；请求均为隔离夹具
frontend/e2e/__tests__/revenue-layout.e2e.ts	bbe97b8d80872aaea4b156f7e6e1d18778390d59c22724c190f99e06ad0b0b11	reviewed	逐行审查价格精度、会话缓存、失败保留、排序、主题、共享布局和上游地址回归；请求均为隔离夹具
frontend/e2e/__tests__/scoring-windows.e2e.ts	95bc2b1cf289577e1894fe3468e73a3bfe5d44ed280ffe29a094dc27da65e20e	reviewed	逐行审查价格精度、会话缓存、失败保留、排序、主题、共享布局和上游地址回归；请求均为隔离夹具
frontend/e2e/__tests__/session-cache.e2e.ts	6cc6d7d4bc7c8f748728108e1262068c900853e6ebdff983b1937648fcf53675	reviewed	逐行审查价格精度、会话缓存、失败保留、排序、主题、共享布局和上游地址回归；请求均为隔离夹具
frontend/e2e/__tests__/settings-layout.e2e.ts	c32ad5885cf9b31602ca018425a7772e2ca8f029ecd08d3c828c8da2df9a0945	reviewed	逐行审查价格精度、会话缓存、失败保留、排序、主题、共享布局和上游地址回归；请求均为隔离夹具
frontend/e2e/__tests__/settings-loading-layout.e2e.ts	940def178a02cd9eca104c84b6cfa650e4a514985ee51fe1a42780294ab48ec1	reviewed	逐行审查价格精度、会话缓存、失败保留、排序、主题、共享布局和上游地址回归；请求均为隔离夹具
frontend/e2e/__tests__/shared-layout.e2e.ts	61f2ec911346af2e69cbc5de6b2b7e428588d549cda915279c498a0570e01256	reviewed	逐行审查价格精度、会话缓存、失败保留、排序、主题、共享布局和上游地址回归；请求均为隔离夹具
frontend/e2e/__tests__/status-page-drag.e2e.ts	6febbb29cd105bd2c9bcfbf7642cc301ce18969c1394ec380c4b66eb4bcd68ee	reviewed	逐行审查价格精度、会话缓存、失败保留、排序、主题、共享布局和上游地址回归；请求均为隔离夹具
frontend/e2e/__tests__/storage-unavailable.e2e.ts	65cb8afd6cae491e736cf8786984c08569dcfd4f11417ca4c5adfee9f446283e	reviewed	逐行审查价格精度、会话缓存、失败保留、排序、主题、共享布局和上游地址回归；请求均为隔离夹具
frontend/e2e/__tests__/style-surfaces.e2e.ts	cee79714ff8ca36ccb3c5983ccb0e39d8f2d96e9f781a380b7194a8f3bbf4ca8	reviewed	逐行审查价格精度、会话缓存、失败保留、排序、主题、共享布局和上游地址回归；请求均为隔离夹具
frontend/e2e/__tests__/theme-contrast.e2e.ts	1cd6257b364a4d76a1fd339d70cee17031cb1be2126ace54537e26f93561d94b	reviewed	逐行审查价格精度、会话缓存、失败保留、排序、主题、共享布局和上游地址回归；请求均为隔离夹具
frontend/e2e/__tests__/tooltip-layout.e2e.ts	a38eac05473cea28e9f13ee4c4cac0a995c074cdc88101023780747002f48019	reviewed	逐行审查价格精度、会话缓存、失败保留、排序、主题、共享布局和上游地址回归；请求均为隔离夹具
frontend/e2e/__tests__/upstream-address.e2e.ts	8a592a59df9f3e6e9325099513117c7e82130554de2229dce58e3e51ba9332f2	reviewed	逐行审查价格精度、会话缓存、失败保留、排序、主题、共享布局和上游地址回归；请求均为隔离夹具
frontend/e2e/__tests__/upstream-price-errors.e2e.ts	6cd5ba49de76c184a0751637b0ebae15d9aa82304ec647aadc7309d85a75907d	reviewed	逐行审查Kuma鉴权保留、模板版本、清空、状态页和测试夹具；发现JSON编辑迁移后的toHaveValue断言待实跑修正
frontend/e2e/__tests__/uptime-kuma-auth-preservation.e2e.ts	82e35787c77345da0a872a9aa7e899acc806fd61d2cd1b08d36763091bea92fa	reviewed	逐行审查Kuma鉴权保留、模板版本、清空、状态页和测试夹具；发现JSON编辑迁移后的toHaveValue断言待实跑修正
frontend/e2e/__tests__/uptime-kuma-dialog-scroll.e2e.ts	19d2f46a4570a62e2ea1e9627d51d36b03fa4a63ff759912fdb0ba3bbe47e3b3	reviewed	逐行审查Kuma鉴权保留、模板版本、清空、状态页和测试夹具；发现JSON编辑迁移后的toHaveValue断言待实跑修正
frontend/e2e/__tests__/uptime-kuma-full-template.e2e.ts	517b718d3339f4d28c442d6f7a534247d1b742d6db35c2e330f59e2567d650e1	reviewed	Reviewed current implementation and incremental changes: scope binding, no replay checkpoint lifecycle, identity index semantics, redaction, loading and error states, API contract and browser regression coverage.
frontend/e2e/__tests__/uptime-kuma-groups.e2e.ts	6c47f883a62b923c188d35b995bb0fd13f9c4d7265483d46c72fbcaccbbffe0a	reviewed	逐行审查Kuma鉴权保留、模板版本、清空、状态页和测试夹具；发现JSON编辑迁移后的toHaveValue断言待实跑修正
frontend/e2e/__tests__/uptime-kuma-monitor-auth.e2e.ts	0baf41359bb903b4e5eff9939134b83eb0393557421cb9c862584bacb998d6a7	reviewed	逐行审查Kuma鉴权保留、模板版本、清空、状态页和测试夹具；发现JSON编辑迁移后的toHaveValue断言待实跑修正
frontend/e2e/__tests__/uptime-kuma-monitor-model.e2e.ts	5149b40079ac7168895004d20a9dc7d51f55ca1095a6c4537c82e60e0ba5b880	reviewed	逐行审查Kuma鉴权保留、模板版本、清空、状态页和测试夹具；发现JSON编辑迁移后的toHaveValue断言待实跑修正
frontend/e2e/__tests__/uptime-kuma-monitor-template-readback.e2e.ts	6253092029d58c75650c78d10ceb2596e32a647aeb45d0b423452f591db5268d	reviewed	逐行审查Kuma鉴权保留、模板版本、清空、状态页和测试夹具；发现JSON编辑迁移后的toHaveValue断言待实跑修正
frontend/e2e/__tests__/uptime-kuma-operation-progress.e2e.ts	d534ece53235573b9d7d6325cd3830ca11eed174a4f455ee9ef3638a12238a52	reviewed	逐行审查Kuma鉴权保留、模板版本、清空、状态页和测试夹具；发现JSON编辑迁移后的toHaveValue断言待实跑修正
frontend/e2e/__tests__/uptime-kuma-query-errors.e2e.ts	7c4ef695283944bf35f0a579dffb3f12bfc3dc62a0c283f1f7d05e958847642f	reviewed	逐行审查Kuma鉴权保留、模板版本、清空、状态页和测试夹具；发现JSON编辑迁移后的toHaveValue断言待实跑修正
frontend/e2e/__tests__/uptime-kuma-request-modes.e2e.ts	9455101647001ea9fd69473ac77ed4f92df1f12b40445b698122cf6937989445	reviewed	Reviewed current implementation and incremental changes: scope binding, no replay checkpoint lifecycle, identity index semantics, redaction, loading and error states, API contract and browser regression coverage.
frontend/e2e/__tests__/uptime-kuma-status-editor.e2e.ts	7db31c426dfc0bdeea820f94972755af7b1222acfd4ebf97d1201f854d2e4cc9	reviewed	逐行审查Kuma鉴权保留、模板版本、清空、状态页和测试夹具；发现JSON编辑迁移后的toHaveValue断言待实跑修正
frontend/e2e/__tests__/uptime-kuma-template-mode.e2e.ts	0bb3102824cd86bb4eea60024098eaac26abef23e8115e8ec537a63e43bdee3e	reviewed	Reviewed current implementation and incremental changes: scope binding, no replay checkpoint lifecycle, identity index semantics, redaction, loading and error states, API contract and browser regression coverage.
frontend/e2e/__tests__/uptime-kuma-template-readback.e2e.ts	69cecd9326a8f970eb12b73ef0998b1a807d535a2be42eb36fed16d7bb578696	reviewed	Reviewed current implementation and incremental changes: scope binding, no replay checkpoint lifecycle, identity index semantics, redaction, loading and error states, API contract and browser regression coverage.
frontend/e2e/__tests__/uptime-kuma-template-request.e2e.ts	4242293f61bfdde12b12082b45a34219b03b47df2f4a1a562f6e417029142c91	reviewed	Reviewed current implementation and incremental changes: scope binding, no replay checkpoint lifecycle, identity index semantics, redaction, loading and error states, API contract and browser regression coverage.
frontend/e2e/__tests__/uptime-kuma-templates.e2e.ts	a8e914530d7294403b9b9ecd6b0830fee1e64dff860c15b716be073a0ec663a6	reviewed	Reviewed current implementation and incremental changes: scope binding, no replay checkpoint lifecycle, identity index semantics, redaction, loading and error states, API contract and browser regression coverage.
frontend/e2e/__tests__/uptime-kuma.e2e.ts	79c95c50dc3e27c6573cb3bf24fc82bde0d8f6515bcaaf3ff323925a7b99c8d9	reviewed	逐行审查Kuma鉴权保留、模板版本、清空、状态页和测试夹具；发现JSON编辑迁移后的toHaveValue断言待实跑修正
frontend/e2e/__tests__/validation-layout.e2e.ts	c42cf89d1c2a1993db97086fd98ec0f245915700536ee4fa82b582ab11458d19	reviewed	逐行审查Kuma鉴权保留、模板版本、清空、状态页和测试夹具；发现JSON编辑迁移后的toHaveValue断言待实跑修正
frontend/e2e/global-styles.e2e.ts	a8021f5d9b5ccc6d6f9ae74d5ccd4ad1be2a665241fb306b265ad03b2596ae28	reviewed	逐行审查Kuma鉴权保留、模板版本、清空、状态页和测试夹具；发现JSON编辑迁移后的toHaveValue断言待实跑修正
frontend/e2e/kuma-fixture.ts	320281ac668be13c46a0a48adb4a1f6610c3c0b503c449456b3a84b9940c453c	reviewed	逐行审查Kuma鉴权保留、模板版本、清空、状态页和测试夹具；发现JSON编辑迁移后的toHaveValue断言待实跑修正
frontend/eslint.config.mjs	a3fab54f46e5eae9b6d24471cd346b94a3175bdd324e98ecdcbe93940e2b81e0	reviewed	已阅读全文并核对职责、测试/构建入口及现有审查基线；后续统一验证配置一致性。
frontend/index.html	772eecc0a28ba49f614eb5ba9f0b488d0781418e5a386efe2322ce1c29d01836	reviewed	Read complete theme tokens, shell context, HTML metadata, deployment proxy input restrictions and isolated proxy tests; no confirmed regression in these files.
frontend/knip.json	a16c8c3fd7e13e20632847d4ce38cd2e7d66399cd403cc3928794d0f588d7a02	reviewed	已阅读全文并核对职责、测试/构建入口及现有审查基线；后续统一验证配置一致性。
frontend/nginx.conf	5563a3654d06933ba39d918f5779fbba5ee197e27cf2de568ef45069a1b07b39	reviewed	Read complete theme tokens, shell context, HTML metadata, deployment proxy input restrictions and isolated proxy tests; no confirmed regression in these files.
frontend/package.json	1b5d9f56e113db3d74fc3a8dc376d3c2e8fdb073bad90f5b648412a07dd7a422	reviewed	已阅读全文并核对职责、测试/构建入口及现有审查基线；后续统一验证配置一致性。
frontend/playwright.config.ts	e7cffb15c46809e2989b123fb763e8264b8762d5ea704708746263f7ab448c73	reviewed	已阅读全文并核对职责、测试/构建入口及现有审查基线；后续统一验证配置一致性。
frontend/public/apple-touch-icon.png	e478e4e03b8d2c03468b21c950bd4e3347eecd6fc175a4059e29b52592cf80b1	reviewed	浏览器离线解码全部图片，检查尺寸及联系表实际画面；正式图标一致，imagegen为未部署设计源素材
frontend/public/console-mark.svg	d125714c3ce045a2842aea928dd47cf656c4faf6983bd363c663b0c024cc4a06	reviewed	完整读取并检查脚本边界、静态SVG引用、图片来源与MIT声明；Go校验和格式核对
frontend/public/favicon-32x32.png	2b9d3acb54c26f378a09fa03eb363e4093cf0fb2019762a8519509dcc9819847	reviewed	浏览器离线解码全部图片，检查尺寸及联系表实际画面；正式图标一致，imagegen为未部署设计源素材
frontend/public/favicon.ico	7c229ba18af0cf25463a6abd542acadac8da9bacf64dc4c42591d8ace4878514	reviewed	浏览器离线解码全部图片，检查尺寸及联系表实际画面；正式图标一致，imagegen为未部署设计源素材
frontend/public/icon-192.png	5e729960a813d4c7444eea147377ca97bf04e32e41c22ac495af304bc6a881b2	reviewed	浏览器离线解码全部图片，检查尺寸及联系表实际画面；正式图标一致，imagegen为未部署设计源素材
frontend/public/icon-512.png	c42483a305ff342c33ce368243ef3f21c62bfbe0bb125e4e1c4c046bed411f40	reviewed	浏览器离线解码全部图片，检查尺寸及联系表实际画面；正式图标一致，imagegen为未部署设计源素材
frontend/rsbuild.config.ts	259413477171495002b5ca425720b68451c7fcd8364e22706057bd0b6bd819ab	reviewed	已阅读全文并核对职责、测试/构建入口及现有审查基线；后续统一验证配置一致性。
frontend/scripts/generate-brand-icons.ts	2a2602981155a62021d0301b77f464ddca384429f050dada604ffac53d9f326b	reviewed	完整读取并检查脚本边界、静态SVG引用、图片来源与MIT声明；Go校验和格式核对
frontend/src/App.tsx	e08593db9a0246645c19b17d849daffd6f87110b1bd8cd5426070ff810cf979f	reviewed	Reviewed entire source and latest changes: maintenance retry, identity/version checks, private result persistence, cancellation and UI regression boundaries; prototype-key crashes reproduced and corrected.
frontend/src/__tests__/navigation.test.ts	8051530dff8e8f05825a7e70d855482bac170531527b74a806a654980f40df4b	reviewed	Read app initialization, navigation, setup and source ownership regression contracts; scheduler, result labels and refresh retention supplemented separately.
frontend/src/__tests__/onboarding-base-url-ownership.test.js	ee63080c0484f04665b91c18077fdeb3288356b50135308d51f22ddb6a97d1ea	reviewed	Read app initialization, navigation, setup and source ownership regression contracts; scheduler, result labels and refresh retention supplemented separately.
frontend/src/__tests__/onboarding-refresh-retention.test.tsx	6c4d04313ff3a834b80da05b26a9657b198b33ec7213248da952b7d778a871c4	reviewed	Read API request contracts including stable IDs, sensitive-field omission, versions, explicit zero/null/empty values and session expiry; onboarding cache/failure regressions red to green.
frontend/src/__tests__/runtime-settings-page.test.tsx	a4abfba157b3672bd2a7cf5f005397c90092e794d99510a41c86c71094b8e231	reviewed	Read app initialization, navigation, setup and source ownership regression contracts; scheduler, result labels and refresh retention supplemented separately.
frontend/src/__tests__/scheduler-controls.test.tsx	927d9ce5c5b935c02fb0da5c385b58442ceb8f25bff7cfed5a83054f1d3fc545	reviewed	完整读取；修复调度初次读取失败后的启动入口、上游刷新缓存保留、任务结果字典继承属性；新增回归已复现，最终验证待统一执行
frontend/src/__tests__/setup-accessibility.test.tsx	b760c606cc37ff0b0351fbf1535515ff8cbdef98cab3a21432f0a4a26bd03ab8	reviewed	Read app initialization, navigation, setup and source ownership regression contracts; scheduler, result labels and refresh retention supplemented separately.
frontend/src/__tests__/setup-local-export.test.tsx	13af1817171dba481aa37b706fee2fadb7d87e8ec57b6670d34f8a3edd56488c	reviewed	Reviewed current implementation and incremental changes: scope binding, no replay checkpoint lifecycle, identity index semantics, redaction, loading and error states, API contract and browser regression coverage.
frontend/src/__tests__/setup-page.test.tsx	04f6ad91b3c07c62b5cd1535f69ad7ec61184af3b0f020bfaf3b536efb21174c	reviewed	Read app initialization, navigation, setup and source ownership regression contracts; scheduler, result labels and refresh retention supplemented separately.
frontend/src/__tests__/startup-errors.test.tsx	9bfb21f1e3f66787c0ddc0f1072415916885b452b98895faf3162f84b27152d0	reviewed	Read app initialization, navigation, setup and source ownership regression contracts; scheduler, result labels and refresh retention supplemented separately.
frontend/src/__tests__/startup-loading.test.tsx	85cbe08639ee16808a0d83be8fd2d22fe858ec63ca5ed6b73ebf0808844f424a	reviewed	Read app initialization, navigation, setup and source ownership regression contracts; scheduler, result labels and refresh retention supplemented separately.
frontend/src/__tests__/task-result-labels.test.tsx	02c1bd47f6afefd2f5ab8148233f42b21c77a03826ee7b431afc77b7d1613798	reviewed	完整读取；修复调度初次读取失败后的启动入口、上游刷新缓存保留、任务结果字典继承属性；新增回归已复现，最终验证待统一执行
frontend/src/__tests__/upstreams-refresh-retention.test.tsx	4e0911ba5f20f3d7ecd2298162d87dcee937effd04772ed3d72a739d92e6d6f8	reviewed	完整读取；修复调度初次读取失败后的启动入口、上游刷新缓存保留、任务结果字典继承属性；新增回归已复现，最终验证待统一执行
frontend/src/__tests__/workbench-sms-api.test.ts	4ed5fa0f5a522551e8ce39011a280fef83d0784628436a10926ec11e89ba2d0e	reviewed	Reviewed current implementation and incremental changes: scope binding, no replay checkpoint lifecycle, identity index semantics, redaction, loading and error states, API contract and browser regression coverage.
frontend/src/api.ts	15d1e221028402cc5140e0e62feeabd5fa084b60f3aa6f599e97b02e3e36d6b3	reviewed	Re-read explicit local-export request scopes and query parameters; browser source-profile save/export/reauthorization flow uses isolated response fixtures and stable revisions.
frontend/src/api/__tests__/model-check-configuration-contract.test.ts	e37606ef0cfd9229064284af4b2b722e2a51302a69a12b4abcb442d3de747e8e	reviewed	Read API request contracts including stable IDs, sensitive-field omission, versions, explicit zero/null/empty values and session expiry; onboarding cache/failure regressions red to green.
frontend/src/api/__tests__/request-contract.test.ts	1b235cb35d1c8640e34362414cc7a7d5982916268df92cd453bbdb7e7efc3476	reviewed	Read API request contracts including stable IDs, sensitive-field omission, versions, explicit zero/null/empty values and session expiry; onboarding cache/failure regressions red to green.
frontend/src/app-routes/__root.tsx	e23273490cc3b59399b5bb7e96325628fad72430d75ce087b08a292db3f6e821	reviewed	完整读取；核对路由声明、search收窄、入口鉴权归属、Query与主题挂载及lazy构建配合
frontend/src/app-routes/account-workbench.tsx	608922a7dc49716c26be7dd4f1f7a1af7d5f67a7fb095b395406d574995b55ad	reviewed	完整读取；核对路由声明、search收窄、入口鉴权归属、Query与主题挂载及lazy构建配合
frontend/src/app-routes/accounts.tsx	cef556cf504f2ac5087eaee87e00f11556b70d2300719037d74dc4f208438d02	reviewed	完整读取；核对路由声明、search收窄、入口鉴权归属、Query与主题挂载及lazy构建配合
frontend/src/app-routes/alert-policy.tsx	94d0de60b84f797488a5da21adf815e06d546480d331be9afbd533cb9a62a90b	reviewed	完整读取；核对路由声明、search收窄、入口鉴权归属、Query与主题挂载及lazy构建配合
frontend/src/app-routes/alerts.tsx	7400f655a81af769cb41830891f0267a6cc00d20a92a1e45b29e41598da15a4e	reviewed	完整读取；核对路由声明、search收窄、入口鉴权归属、Query与主题挂载及lazy构建配合
frontend/src/app-routes/auto-inspection.tsx	d139ce14cb5730443fcbff9def1f44d2273f49ad2480e12f3f4c93242c7f541a	reviewed	完整读取；核对路由声明、search收窄、入口鉴权归属、Query与主题挂载及lazy构建配合
frontend/src/app-routes/config.tsx	05132be73ab0580569eebe648c9ae05e665ec961ff4b4b4befd42fb0a0bf7ae9	reviewed	完整读取；核对路由声明、search收窄、入口鉴权归属、Query与主题挂载及lazy构建配合
frontend/src/app-routes/groups.tsx	e04298ffc6c30ddd83c70047fe235811e3d4023ccfd0d35aa935f36eebeb61f3	reviewed	完整读取；核对路由声明、search收窄、入口鉴权归属、Query与主题挂载及lazy构建配合
frontend/src/app-routes/index.tsx	42623d55bb5c31a3a010b00e8cef269e0733b82c96e3eb35b31cc41dd1f373c8	reviewed	完整读取；核对路由声明、search收窄、入口鉴权归属、Query与主题挂载及lazy构建配合
frontend/src/app-routes/logs.tsx	47e126e5e399b569048b1902bba8262471f85d3e1153ed07529c94d15cc48f3a	reviewed	完整读取；核对路由声明、search收窄、入口鉴权归属、Query与主题挂载及lazy构建配合
frontend/src/app-routes/model-check.tsx	970c8da27e6ca3629c3e545715012c9d858afb17adf2153914c9adf402214831	reviewed	完整读取；核对路由声明、search收窄、入口鉴权归属、Query与主题挂载及lazy构建配合
frontend/src/app-routes/newapi/channels.tsx	3c9e5caf572bd39ce9c4bfcf2c02344deaf98d14d9bc3636b85db790eae7a72a	reviewed	完整读取；核对路由声明、search收窄、入口鉴权归属、Query与主题挂载及lazy构建配合
frontend/src/app-routes/newapi/differences.tsx	774b370aea5651b7e4647c60eb8f3929421cfdae7ae16b71ad627977570af581	reviewed	完整读取；核对路由声明、search收窄、入口鉴权归属、Query与主题挂载及lazy构建配合
frontend/src/app-routes/newapi/groups.tsx	a380524281a3cf794ce8c2399db79196a8ab438304f600141580188edf2750ed	reviewed	完整读取；核对路由声明、search收窄、入口鉴权归属、Query与主题挂载及lazy构建配合
frontend/src/app-routes/newapi/index.tsx	32589030821033a8fd0cd50e04dc146c7208a2ee72055138f8567ba12549bdab	reviewed	完整读取；核对路由声明、search收窄、入口鉴权归属、Query与主题挂载及lazy构建配合
frontend/src/app-routes/newapi/prices.tsx	8c613fae87ffd1c18c812524b94e208ef0787399887bbdc549a96f138ed73e68	reviewed	完整读取；核对路由声明、search收窄、入口鉴权归属、Query与主题挂载及lazy构建配合
frontend/src/app-routes/newapi/route.tsx	8bae8490998d7c3f798cd9b3d396ad04ee5feca83e3c8df6c9b19a40cbff9156	reviewed	完整读取；核对路由声明、search收窄、入口鉴权归属、Query与主题挂载及lazy构建配合
frontend/src/app-routes/onboarding.tsx	0a19e9a77a6b24e4fb2340429710c172fceb4a50f2a1d4050d17822cdc17e8d3	reviewed	完整读取；核对路由声明、search收窄、入口鉴权归属、Query与主题挂载及lazy构建配合
frontend/src/app-routes/policy.tsx	71ceb34b60fa6ded73af3abb69d115efa6198368cafdbb6920bac00921114090	reviewed	完整读取；核对路由声明、search收窄、入口鉴权归属、Query与主题挂载及lazy构建配合
frontend/src/app-routes/pricing-config.tsx	4ad950f6549636eb3a909718c718c35da4f440aa4c179fcc541d69f262507e06	reviewed	完整读取；核对路由声明、search收窄、入口鉴权归属、Query与主题挂载及lazy构建配合
frontend/src/app-routes/pricing.tsx	0aa93f75a7c40590207ac75198f45b4b08b94d0f387ab77236bde3407b87ca19	reviewed	完整读取；核对路由声明、search收窄、入口鉴权归属、Query与主题挂载及lazy构建配合
frontend/src/app-routes/profile.tsx	57729a137153d72ccaf236a7f977db193ea159b230183d6a35a6862a67963328	reviewed	完整读取；核对路由声明、search收窄、入口鉴权归属、Query与主题挂载及lazy构建配合
frontend/src/app-routes/revenue-analysis.tsx	d5a2add0d33e9a165e1ba48867a4a82a30ffc1170d8d00b075c10e8903ce2936	reviewed	完整读取；核对路由声明、search收窄、入口鉴权归属、Query与主题挂载及lazy构建配合
frontend/src/app-routes/system-info.tsx	9161468176fa89b6c594de953a95684e6ec1cc14534fa7c37bb2308e3eda88f2	reviewed	完整读取；核对路由声明、search收窄、入口鉴权归属、Query与主题挂载及lazy构建配合
frontend/src/app-routes/trace.tsx	fd3e0583dc1736c19d08ff073e5285bfdd9fb57db5d8da501829d2194063e20c	reviewed	完整读取；核对路由声明、search收窄、入口鉴权归属、Query与主题挂载及lazy构建配合
frontend/src/app-routes/traffic.tsx	a49720118bb1fc2e06ce9e2e05c27a8ef56c303c67a7ba3bad108c655854e501	reviewed	完整读取；核对路由声明、search收窄、入口鉴权归属、Query与主题挂载及lazy构建配合
frontend/src/app-routes/upstreams.tsx	0811fb00a79560d0a369e6beeae7856c50575098423d9c3bd9a5513bb4d71380	reviewed	完整读取；核对路由声明、search收窄、入口鉴权归属、Query与主题挂载及lazy构建配合
frontend/src/app-routes/uptime-kuma/config.tsx	4e3af26b68e506749a93e588b2eac7952474d4efc7f6df908049ce1f6bece11d	reviewed	完整读取；核对路由声明、search收窄、入口鉴权归属、Query与主题挂载及lazy构建配合
frontend/src/app-routes/uptime-kuma/index.tsx	edc2cf26c6bddd0a08d0d8b9d20c27f0ca1993a76582d218a07aeb7ed1c2a424	reviewed	完整读取；核对路由声明、search收窄、入口鉴权归属、Query与主题挂载及lazy构建配合
frontend/src/app-routes/uptime-kuma/route.tsx	a9e8c107c2e224d74daeb347167920d4e9b8a2f680e0dff5185451dfe33e3df5	reviewed	完整读取；核对路由声明、search收窄、入口鉴权归属、Query与主题挂载及lazy构建配合
frontend/src/app-routes/uptime-kuma/status-pages.tsx	dc74bf87cd9c288c8ebc07c8abfb3da07e0df3f3e38d48291fa08b8fd91bf284	reviewed	完整读取；核对路由声明、search收窄、入口鉴权归属、Query与主题挂载及lazy构建配合
frontend/src/app-routes/uptime-kuma/templates.tsx	81faf7f72c516c07e0eb108fb2c232ecd1b6afa288b697003aea0db135651715	reviewed	完整读取；核对路由声明、search收窄、入口鉴权归属、Query与主题挂载及lazy构建配合
frontend/src/app-routes/vault.tsx	0c8b3071ba9a770077d3a074c30536a90fe865465033f48a7cf482e422c24a23	reviewed	完整读取；核对路由声明、search收窄、入口鉴权归属、Query与主题挂载及lazy构建配合
frontend/src/app-shell-context.ts	d233d09b8408e70d8e9804f7554645a6ccabdc57acb9eef728567ccdb7dfb704	reviewed	Read complete theme tokens, shell context, HTML metadata, deployment proxy input restrictions and isolated proxy tests; no confirmed regression in these files.
frontend/src/components/__tests__/account-delete-preview.test.tsx	ed7636abb7f95fd0af10b4e43b51baa8d588e92ba563fcd31edbc8d642897917	reviewed	完整读取；核对测试隔离、交互和终态覆盖、布局契约、生产文件规则扫描；共享标签测试已加入回归
frontend/src/components/__tests__/account-health-score.test.tsx	0c4614414aa4a9230fe23c340ff152012d5c9924650d197afb797d4d1c6d430c	reviewed	完整读取；核对测试隔离、交互和终态覆盖、布局契约、生产文件规则扫描；共享标签测试已加入回归
frontend/src/components/__tests__/account-maintenance-status.test.tsx	0b8dbdaf8b911b60f09574f296db48812cecce08fe70b177dfed7f4ed97142ee	reviewed	完整读取；核对测试隔离、交互和终态覆盖、布局契约、生产文件规则扫描；共享标签测试已加入回归
frontend/src/components/__tests__/account-recent-results.test.tsx	a6444addf6fdcfd24909d0ce49daf3140ca790a78d78a2855714866351b37a33	reviewed	完整读取；核对测试隔离、交互和终态覆盖、布局契约、生产文件规则扫描；共享标签测试已加入回归
frontend/src/components/__tests__/account-sync-status.test.tsx	5751eb13d139575bf0b45f2b422c7b8d96941c361b6329e3c0e140ae95523496	reviewed	完整读取；核对测试隔离、交互和终态覆盖、布局契约、生产文件规则扫描；共享标签测试已加入回归
frontend/src/components/__tests__/confirm-action-dialog.test.tsx	ada183e75c3ef8d824d653ff115479a9053e1f02bca1b4c0a5b3b4d0337bdcd6	reviewed	完整读取；核对测试隔离、交互和终态覆盖、布局契约、生产文件规则扫描；共享标签测试已加入回归
frontend/src/components/__tests__/content-loading.test.tsx	c2da9a301ebb6a6f543cb9f375e59bef13186d0b659cfa19648a01504fa37b1c	reviewed	完整读取；核对测试隔离、交互和终态覆盖、布局契约、生产文件规则扫描；共享标签测试已加入回归
frontend/src/components/__tests__/content-retry.test.tsx	1fde215473e535d0240de4d24b71c468deb9ca68c228bfc8454e4d36890c6b9a	reviewed	完整读取；核对测试隔离、交互和终态覆盖、布局契约、生产文件规则扫描；共享标签测试已加入回归
frontend/src/components/__tests__/date-picker-dismiss.test.ts	79f3d92e466febffb33f3156bd2ed3f90d8f575659232b9286384ecff925cbca	reviewed	完整读取；核对测试隔离、交互和终态覆盖、布局契约、生产文件规则扫描；共享标签测试已加入回归
frontend/src/components/__tests__/field-error.test.tsx	867b0481a5b1ef57b2354a17f3ac1c99a95b8547b90c644dc3d34faaba241167	reviewed	完整读取；核对测试隔离、交互和终态覆盖、布局契约、生产文件规则扫描；共享标签测试已加入回归
frontend/src/components/__tests__/field-help-tooltip.test.tsx	8baf688b2c9c4c2ecee3784d03e82fd3311f49a35d59d9db0adc1480f815940a	reviewed	完整读取；核对测试隔离、交互和终态覆盖、布局契约、生产文件规则扫描；共享标签测试已加入回归
frontend/src/components/__tests__/form-field-layout.test.tsx	e19ab5e62eb1364d193bb192929eca257fe185d2423e82d67a6db0378ce97dea	reviewed	完整读取；核对测试隔离、交互和终态覆盖、布局契约、生产文件规则扫描；共享标签测试已加入回归
frontend/src/components/__tests__/manual-auth-accessibility.test.tsx	da525469031534b3a96d8ab6f22f6cac9fcfb7ee28de9a2cdab46f7914411f4c	reviewed	完整读取；核对测试隔离、交互和终态覆盖、布局契约、生产文件规则扫描；共享标签测试已加入回归
frontend/src/components/__tests__/manual-auth-form.test.tsx	0b047a243bdd3022e31a3b8f53cd6f01c86cd7d20a08c27e51ccdeebad4bfdb2	reviewed	完整读取；核对测试隔离、交互和终态覆盖、布局契约、生产文件规则扫描；共享标签测试已加入回归
frontend/src/components/__tests__/multi-select.test.tsx	83b4be58eb1c0526fb4f171726d2452f4143a4c8ab33bb0ec86b1e9b89d69125	reviewed	完整读取；核对测试隔离、交互和终态覆盖、布局契约、生产文件规则扫描；共享标签测试已加入回归
frontend/src/components/__tests__/onboarding-selection-skeleton.test.tsx	a807f254fab790b7da2a82542d8df6c32c5a98ea06db6e202ded708fb54ef0b8	reviewed	完整读取；核对测试隔离、交互和终态覆盖、布局契约、生产文件规则扫描；共享标签测试已加入回归
frontend/src/components/__tests__/onboarding-task-progress.test.tsx	a123edad70219d137f496d8fc66bbe7961580f1abaecbaaa6dd91d018dbf4eb5	reviewed	完整读取；核对测试隔离、交互和终态覆盖、布局契约、生产文件规则扫描；共享标签测试已加入回归
frontend/src/components/__tests__/operation-error-toast.test.tsx	03b5da7f4b366b5e61181af7f12653e6972c3b0aed372da109d2a45b150f05cc	reviewed	完整读取；核对测试隔离、交互和终态覆盖、布局契约、生产文件规则扫描；共享标签测试已加入回归
frontend/src/components/__tests__/page-actions.test.tsx	4ab4a8be0168d4db2aa3fc4f64608183ca92a6228e36ad4287559b2e03cd06bd	reviewed	完整读取；核对测试隔离、交互和终态覆盖、布局契约、生产文件规则扫描；共享标签测试已加入回归
frontend/src/components/__tests__/page-heading.test.tsx	8093e4a0c8eeaf340f69d19ade2dba86e4d8058d5bc95ca07970ea3ba72eb795	reviewed	完整读取；核对测试隔离、交互和终态覆盖、布局契约、生产文件规则扫描；共享标签测试已加入回归
frontend/src/components/__tests__/page-layout.test.tsx	0ee596655d0ebcdce07e0b643f5dc3f99c57ee64781da5d1343933db022d5c4f	reviewed	完整读取；核对测试隔离、交互和终态覆盖、布局契约、生产文件规则扫描；共享标签测试已加入回归
frontend/src/components/__tests__/page-loading-skeleton.test.tsx	1863c9d553e90f1b55cb3f624914e3e6f970bdec5655edb6bae56e7c96e5846b	reviewed	完整读取；核对测试隔离、交互和终态覆盖、布局契约、生产文件规则扫描；共享标签测试已加入回归
frontend/src/components/__tests__/query-error-toast.test.tsx	0ec1aa277ed34034c3387e0264319bff8bda5b97bde832d5f1284f1756ba2452	reviewed	完整读取；核对测试隔离、交互和终态覆盖、布局契约、生产文件规则扫描；共享标签测试已加入回归
frontend/src/components/__tests__/refresh-button.test.tsx	5bf2dbb05688c1947a22077173c9dd1357f869894ea44a85ce01ff88d0afa926	reviewed	完整读取；核对测试隔离、交互和终态覆盖、布局契约、生产文件规则扫描；共享标签测试已加入回归
frontend/src/components/__tests__/result-summary-row.test.tsx	1b3a14c38fc4fb240a6f8b8460f0a952ea7b5590cd0d2ebc41262b585ded1334	reviewed	完整读取；核对测试隔离、交互和终态覆盖、布局契约、生产文件规则扫描；共享标签测试已加入回归
frontend/src/components/__tests__/status-badge.test.tsx	fab634e1def49754247ed23a0254733110a055870d0dc2a40a940f30ce4410a0	reviewed	完整读取；核对测试隔离、交互和终态覆盖、布局契约、生产文件规则扫描；共享标签测试已加入回归
frontend/src/components/__tests__/table.test.tsx	16bc20885bca1deb9ae041948b0630596846cfeb461efdcadf57981c009bb791	reviewed	完整读取；核对测试隔离、交互和终态覆盖、布局契约、生产文件规则扫描；共享标签测试已加入回归
frontend/src/components/__tests__/task-startup-state.test.tsx	f9f09312a253d9b12ea3134fd9858bdb74931365ed7c5bbbba0065facbfca1d5	reviewed	完整读取；核对测试隔离、交互和终态覆盖、布局契约、生产文件规则扫描；共享标签测试已加入回归
frontend/src/components/__tests__/toolbar-controls.test.tsx	7b08cc5054d8269c5bf4c4e55cc3b576f54f953f74a96e418a9e21d8eaa919df	reviewed	完整读取；核对测试隔离、交互和终态覆盖、布局契约、生产文件规则扫描；共享标签测试已加入回归
frontend/src/components/__tests__/upstream-action-dialog.test.tsx	170e45288810f8dcd5993c8c6ef080847d38f7611ac1e4b263207cebc6786168	reviewed	完整读取；核对测试隔离、交互和终态覆盖、布局契约、生产文件规则扫描；共享标签测试已加入回归
frontend/src/components/__tests__/upstream-delete-status.test.tsx	e0c5e2cfe17b64206cee1ad8b89d4a747751ac434f8b50b1db0b72f1dc2631e0	reviewed	完整读取；核对测试隔离、交互和终态覆盖、布局契约、生产文件规则扫描；共享标签测试已加入回归
frontend/src/components/__tests__/upstream-sync-status.test.tsx	ad37806214d82f5d8bef5aa8fb36399eb7ebd9d1556ebf3935890c03f2327131	reviewed	完整读取；核对测试隔离、交互和终态覆盖、布局契约、生产文件规则扫描；共享标签测试已加入回归
frontend/src/components/__tests__/upstream-task-terminal-state.test.tsx	d15ecd0ecdbbf8ae597929a8439864ee92246c43806c2d30d6dee97785026a73	reviewed	完整读取；核对测试隔离、交互和终态覆盖、布局契约、生产文件规则扫描；共享标签测试已加入回归
frontend/src/components/account-health-score.tsx	a33f05e9cbd9ecfb633ac2a1ef3324f46cf379ae34018864f4df646f0451e9e9	reviewed	完整读取；核对健康评分与样本展示、日期控件、确认及加载边界、筛选键盘及范围校验
frontend/src/components/account-recent-results.tsx	1b57747096e3d2004c46ed7ba045578ff5fc7478f195f6e499dc26d41cc0d3c0	reviewed	完整读取；核对健康评分与样本展示、日期控件、确认及加载边界、筛选键盘及范围校验
frontend/src/components/aria-date-primitives.tsx	762ef765e0fdd60edbf2bf61cee87414a2a5a296d9fa96bdc08d893c5aab8a5d	reviewed	完整读取；核对健康评分与样本展示、日期控件、确认及加载边界、筛选键盘及范围校验
frontend/src/components/confirm-action-dialog.tsx	f049b15fa21fedb102b577c7453ce9b6b217b0ea7d2e13387a127270468bc4e3	reviewed	Reviewed entire source and latest changes: maintenance retry, identity/version checks, private result persistence, cancellation and UI regression boundaries; prototype-key crashes reproduced and corrected.
frontend/src/components/content-loading.tsx	096b84bf94e023d54f6855bdc3b86413751fa56135264415a0bc48cf5faf00bc	reviewed	完整读取；核对健康评分与样本展示、日期控件、确认及加载边界、筛选键盘及范围校验
frontend/src/components/content-retry.tsx	8925679cdab687b107151ad130d6b83198f1fc9ddcf05dda75f02f07ccafa249	reviewed	完整读取；核对健康评分与样本展示、日期控件、确认及加载边界、筛选键盘及范围校验
frontend/src/components/data-table/__tests__/action-button.test.tsx	c9622cdf6d187901e0f9c59d269bb92ae0fe4aecd6583fa985eaf8f4ae771b50	reviewed	完整读取；核对测试隔离、交互和终态覆盖、布局契约、生产文件规则扫描；共享标签测试已加入回归
frontend/src/components/data-table/__tests__/empty-state.test.tsx	80f80665c9a66cb3b3c19bbf17ed25b2aeb17f316587f0303f6dd02046d4272b	reviewed	完整读取；核对测试隔离、交互和终态覆盖、布局契约、生产文件规则扫描；共享标签测试已加入回归
frontend/src/components/data-table/__tests__/filter-menu.test.tsx	5e08d3e59640510cd5582ba6bc969aab63ccdd6f0415eefaead1d82ae72d3bf3	reviewed	完整读取；核对测试隔离、交互和终态覆盖、布局契约、生产文件规则扫描；共享标签测试已加入回归
frontend/src/components/data-table/__tests__/filter-toolbar.test.tsx	b594a19e43f81f07bbaa427e3d55ebdd75d18e2f151c53b4c841ec37f21374d2	reviewed	完整读取；核对测试隔离、交互和终态覆盖、布局契约、生产文件规则扫描；共享标签测试已加入回归
frontend/src/components/data-table/__tests__/number-range-filter.test.tsx	31eb6ce5211bd3559d58d9fe302b745a54f46eae60f6fa7810281399ba3f4874	reviewed	完整读取；核对测试隔离、交互和终态覆盖、布局契约、生产文件规则扫描；共享标签测试已加入回归
frontend/src/components/data-table/__tests__/pagination-layout.test.tsx	ff9b0b0e82f54f59e2ea4f00e2e6aac19e5bb58aefa6aa05f290cd17c3aacdc1	reviewed	完整读取；核对测试隔离、交互和终态覆盖、布局契约、生产文件规则扫描；共享标签测试已加入回归
frontend/src/components/data-table/__tests__/pagination.test.tsx	e03a82ac138c2b5ca3bac080ad5a1d9be5ce801b0d7632873a6bb938f64b235e	reviewed	完整读取；核对测试隔离、交互和终态覆盖、布局契约、生产文件规则扫描；共享标签测试已加入回归
frontend/src/components/data-table/__tests__/table-panel.test.tsx	49b81838513033ca6f8f4c235ef705b20d23f2f5b5d0088e3fa5aec0cf69f2db	reviewed	完整读取；核对测试隔离、交互和终态覆盖、布局契约、生产文件规则扫描；共享标签测试已加入回归
frontend/src/components/data-table/empty-state.tsx	fecd6b24d601d5cdda5a6c04213c833e24a4e794cda6d2cf46909e96eabc69bd	reviewed	完整读取；核对健康评分与样本展示、日期控件、确认及加载边界、筛选键盘及范围校验
frontend/src/components/data-table/filter-menu.tsx	71df4689298d3b5d6525777ee577b42ca811ee5742c227b8a80ddea4fc5e6fc9	reviewed	完整读取；核对健康评分与样本展示、日期控件、确认及加载边界、筛选键盘及范围校验
frontend/src/components/data-table/filter-toolbar.tsx	6a750367ab3496ac5905588e281d02bbbbbb307a19c7cc88a493997434ad2afe	reviewed	完整读取；核对健康评分与样本展示、日期控件、确认及加载边界、筛选键盘及范围校验
frontend/src/components/data-table/number-range-filter.tsx	e8d1e8766142c403dd28efaf5e1e45341302403d910ae7bad169a69d4c6808e6	reviewed	完整读取；核对健康评分与样本展示、日期控件、确认及加载边界、筛选键盘及范围校验
frontend/src/components/data-table/pagination.tsx	7bd286cc6039c8a888311c4d343b6a83d0c4551afdc5efe0ddf9c0f346d74adc	reviewed	完整读取；核对分页选择、编辑器生命周期和查找限制、共享弹层及表格；Select字典和MultiSelect嵌套按钮键盘行为发现候选并补回归
frontend/src/components/data-table/search-field.tsx	941ed78a6a756fef0a1f2ea8942a3e0a0967a41567ba3bc7796978f734a01d72	reviewed	完整读取；核对分页选择、编辑器生命周期和查找限制、共享弹层及表格；Select字典和MultiSelect嵌套按钮键盘行为发现候选并补回归
frontend/src/components/data-table/selection-toolbar.tsx	04510ebe5a898e35391609620032ccfea89b5d72b3f1be18182319fdacfce9f6	reviewed	完整读取；核对分页选择、编辑器生命周期和查找限制、共享弹层及表格；Select字典和MultiSelect嵌套按钮键盘行为发现候选并补回归
frontend/src/components/data-table/table-action-button.tsx	70e76f0c5b06b1756ab3145a9043e9a253de131d840f8db4d9768c291939d5ce	reviewed	完整读取；核对分页选择、编辑器生命周期和查找限制、共享弹层及表格；Select字典和MultiSelect嵌套按钮键盘行为发现候选并补回归
frontend/src/components/data-table/table-panel.tsx	07f2be66c3a9a45a1a2d0ee8596bfca2369a13a4e2221d0c1f75ce3f900118b2	reviewed	完整读取；核对分页选择、编辑器生命周期和查找限制、共享弹层及表格；Select字典和MultiSelect嵌套按钮键盘行为发现候选并补回归
frontend/src/components/date-picker.tsx	8793709d70142ccdf7f91e9f8a3b3a8194ae36de6d84fcd3587a9595e53f14ed	reviewed	完整读取；核对分页选择、编辑器生命周期和查找限制、共享弹层及表格；Select字典和MultiSelect嵌套按钮键盘行为发现候选并补回归
frontend/src/components/date-time-picker-utils.ts	034abed5baf7ec6aba7925430f44592ff4617d2ffcd6a85fea1ca01c6a28d2fb	reviewed	完整读取；核对分页选择、编辑器生命周期和查找限制、共享弹层及表格；Select字典和MultiSelect嵌套按钮键盘行为发现候选并补回归
frontend/src/components/field-error.tsx	d7f6950cd9efbab31732e83e472c6e18182f712ef04e33a9930029756b081bfa	reviewed	完整读取；核对分页选择、编辑器生命周期和查找限制、共享弹层及表格；Select字典和MultiSelect嵌套按钮键盘行为发现候选并补回归
frontend/src/components/field-help-tooltip.tsx	2b3f6b3f7156ec11dcdeed0ed32e5479f2f15fe9e25d0150c03882c1627b10b0	reviewed	完整读取；核对分页选择、编辑器生命周期和查找限制、共享弹层及表格；Select字典和MultiSelect嵌套按钮键盘行为发现候选并补回归
frontend/src/components/form-field.tsx	0c240f139725d9b2784ea65f42cdbf85bd8b765f74daf0e89fbc66ca16a3dc99	reviewed	完整读取；核对分页选择、编辑器生命周期和查找限制、共享弹层及表格；Select字典和MultiSelect嵌套按钮键盘行为发现候选并补回归
frontend/src/components/form-field/__tests__/accessibility.test.tsx	ab42c4b75be913778b5e32bfb4389ad51ed463c1408af099b0bedc05b54bade6	reviewed	完整读取；核对测试隔离、交互和终态覆盖、布局契约、生产文件规则扫描；共享标签测试已加入回归
frontend/src/components/form-fields-skeleton.tsx	70e6bda7ff98af66d2753720d0111efd4c5a272c6bc583d5a1792cf87c3ce397	reviewed	完整读取；核对分页选择、编辑器生命周期和查找限制、共享弹层及表格；Select字典和MultiSelect嵌套按钮键盘行为发现候选并补回归
frontend/src/components/json-editor.tsx	ccb3a5018af3a96f266064dfe994cb552ca8c2d93ed34574aa2913b96f12096a	reviewed	完整读取；核对分页选择、编辑器生命周期和查找限制、共享弹层及表格；Select字典和MultiSelect嵌套按钮键盘行为发现候选并补回归
frontend/src/components/json-editor/__tests__/formatting.test.ts	80225d92b83889298b66c3c2adda330f05131c40b2e21ced8f4d8911078bb4f6	reviewed	完整读取；核对测试隔离、交互和终态覆盖、布局契约、生产文件规则扫描；共享标签测试已加入回归
frontend/src/components/json-editor/editor-action.tsx	784c5faa13e74caecd88368f61b2251c6627c516a427db5b37eaa88ccda2c0ce	reviewed	完整读取；核对分页选择、编辑器生命周期和查找限制、共享弹层及表格；Select字典和MultiSelect嵌套按钮键盘行为发现候选并补回归
frontend/src/components/json-editor/editor.tsx	310c22b5736be69139de4fcbf4a18c4156e98d1647a24edb181f86af3f8f83c2	reviewed	完整读取；核对分页选择、编辑器生命周期和查找限制、共享弹层及表格；Select字典和MultiSelect嵌套按钮键盘行为发现候选并补回归
frontend/src/components/json-editor/form-field.tsx	afcbb2df5ec8edaa634dcc825e4af3185f8ca41f346b96fc4da477dd8d914fa8	reviewed	完整读取；核对分页选择、编辑器生命周期和查找限制、共享弹层及表格；Select字典和MultiSelect嵌套按钮键盘行为发现候选并补回归
frontend/src/components/json-editor/json-document.ts	9811ab76600da43a5097afbe8e5b8a7e30b1d684393555372b279ea0a770e300	reviewed	完整读取；核对分页选择、编辑器生命周期和查找限制、共享弹层及表格；Select字典和MultiSelect嵌套按钮键盘行为发现候选并补回归
frontend/src/components/json-editor/search-options.tsx	22d9e6938f8d00ceeaf418df3dde0963da7844ab8d1c7b16c8a57b9ea83b4eff	reviewed	完整读取；核对分页选择、编辑器生命周期和查找限制、共享弹层及表格；Select字典和MultiSelect嵌套按钮键盘行为发现候选并补回归
frontend/src/components/json-editor/search-panel-state.ts	b580ecba61969bf66e9d9b703909029e622d4d4350519335209bf49c90755c05	reviewed	完整读取；核对分页选择、编辑器生命周期和查找限制、共享弹层及表格；Select字典和MultiSelect嵌套按钮键盘行为发现候选并补回归
frontend/src/components/json-editor/search-panel.tsx	91856c241e86eef935603f67c6186888c2eb910f767b07767a5fb3a7f5d592f3	reviewed	完整读取；核对分页选择、编辑器生命周期和查找限制、共享弹层及表格；Select字典和MultiSelect嵌套按钮键盘行为发现候选并补回归
frontend/src/components/json-editor/theme.ts	f167fe97224b2602a588b0975759acb48742f6ae18b6f18f145efc2367db4366	reviewed	完整读取；核对分页选择、编辑器生命周期和查找限制、共享弹层及表格；Select字典和MultiSelect嵌套按钮键盘行为发现候选并补回归
frontend/src/components/json-editor/toolbar.tsx	5adf661bf01f42acf5da495fdac03359dfc058a7d4495981a35190edff7f9f3c	reviewed	完整读取；核对分页选择、编辑器生命周期和查找限制、共享弹层及表格；Select字典和MultiSelect嵌套按钮键盘行为发现候选并补回归
frontend/src/components/json-editor/types.ts	53a958f6292c4c4641e5c946e3444d4fab748d9d3b296abc2202d150b5834cfd	reviewed	完整读取；核对分页选择、编辑器生命周期和查找限制、共享弹层及表格；Select字典和MultiSelect嵌套按钮键盘行为发现候选并补回归
frontend/src/components/multi-select.tsx	82e1a19e36067ecede75c8e5f38ef60cdc7e1d7adfc537c1c1bd139bc62d513e	reviewed	完整读取；字典仅访问自有属性、嵌套标签展开按钮键盘事件不触发外层；先红后绿，35相关用例通过
frontend/src/components/multi-select/__tests__/disabled.test.tsx	342b51e8cda4d1a14e0eca2e1c36334777e77f12f88363fc2354ec7c8869ee02	reviewed	完整读取；核对测试隔离、交互和终态覆盖、布局契约、生产文件规则扫描；共享标签测试已加入回归
frontend/src/components/multi-select/__tests__/keyboard.test.tsx	b0a6473505b5f3917ff66ebcd2b3bafb451ae4efb1dce1d19402da7bc2da36fb	reviewed	完整读取；字典仅访问自有属性、嵌套标签展开按钮键盘事件不触发外层；先红后绿，35相关用例通过
frontend/src/components/onboarding-selection-skeleton.tsx	511061807daa50f3c0b4afd794d5132eed5440ead9d9a87ccae48958434c7d1e	reviewed	完整读取；核对分页选择、编辑器生命周期和查找限制、共享弹层及表格；Select字典和MultiSelect嵌套按钮键盘行为发现候选并补回归
frontend/src/components/operation-error-details.tsx	5e43713158b7de14db34ea82968e03ae51dcf6f9244c40bf740bf7f3de35d20d	reviewed	完整读取；核对分页选择、编辑器生命周期和查找限制、共享弹层及表格；Select字典和MultiSelect嵌套按钮键盘行为发现候选并补回归
frontend/src/components/page-action-menu.tsx	5ce30b203b9db8273aa638c056a380f6d12a106f31924d053379e2b19e02f0e7	reviewed	完整读取；核对分页选择、编辑器生命周期和查找限制、共享弹层及表格；Select字典和MultiSelect嵌套按钮键盘行为发现候选并补回归
frontend/src/components/page-actions.tsx	8bf756063fc1e3ce7b67243ea946de4cac1e14cf5425f596e1096745a4dc1047	reviewed	完整读取；核对分页选择、编辑器生命周期和查找限制、共享弹层及表格；Select字典和MultiSelect嵌套按钮键盘行为发现候选并补回归
frontend/src/components/page-heading.tsx	29f3e550ab447e3e456da4d7fbd2ab6589e55964c45a538068222e526587ce13	reviewed	完整读取；核对分页选择、编辑器生命周期和查找限制、共享弹层及表格；Select字典和MultiSelect嵌套按钮键盘行为发现候选并补回归
frontend/src/components/page-layout.tsx	56be6d34cc3fe98dcbc6776c15208c433ea0c65efc8d5b9b8cac391246f26618	reviewed	完整读取；核对分页选择、编辑器生命周期和查找限制、共享弹层及表格；Select字典和MultiSelect嵌套按钮键盘行为发现候选并补回归
frontend/src/components/page-loading-skeleton.tsx	ee970872f6f853649c369a878c5c429797c4340ce4654fd2f3c612ab6797ad3f	reviewed	完整读取；核对分页选择、编辑器生命周期和查找限制、共享弹层及表格；Select字典和MultiSelect嵌套按钮键盘行为发现候选并补回归
frontend/src/components/query-error-toast.tsx	8139e505a0466945110ee3489618c917f2383901dbe4c236da2ca37001469ba4	reviewed	完整读取；核对分页选择、编辑器生命周期和查找限制、共享弹层及表格；Select字典和MultiSelect嵌套按钮键盘行为发现候选并补回归
frontend/src/components/refresh-button.tsx	798a68d3d020591cd7663a1ba0fdf221ecb5980eed634dc9e0661ca5a4437ac6	reviewed	完整读取；核对分页选择、编辑器生命周期和查找限制、共享弹层及表格；Select字典和MultiSelect嵌套按钮键盘行为发现候选并补回归
frontend/src/components/result-summary-row.tsx	1c8a8edcc8f7bfefa3535514fde215c7cdbc9ef8c3255dd2eec49b1ef8128597	reviewed	完整读取；核对分页选择、编辑器生命周期和查找限制、共享弹层及表格；Select字典和MultiSelect嵌套按钮键盘行为发现候选并补回归
frontend/src/components/sortable-list.tsx	6c88d4d558c11de5c05c1cfffc40f50779548064cf79771801fcf40af08a74ca	reviewed	完整读取；核对分页选择、编辑器生命周期和查找限制、共享弹层及表格；Select字典和MultiSelect嵌套按钮键盘行为发现候选并补回归
frontend/src/components/sortable-list/__tests__/handle.test.tsx	9d81a1d78becbdda9606be50c22f85c3733777ca7bb67accf94143b697c44a1f	reviewed	完整读取；核对测试隔离、交互和终态覆盖、布局契约、生产文件规则扫描；共享标签测试已加入回归
frontend/src/components/startup-loading.tsx	68d79167b2448451b098ec3c8d25e05081a05d93e333fe922e9686c3ad83259b	reviewed	完整读取；核对分页选择、编辑器生命周期和查找限制、共享弹层及表格；Select字典和MultiSelect嵌套按钮键盘行为发现候选并补回归
frontend/src/components/status-badge.tsx	b40db679554d26856b0c09b7c92aafcbfac4c3c01d08075cdcc16d8c5c802eda	reviewed	完整读取；核对分页选择、编辑器生命周期和查找限制、共享弹层及表格；Select字典和MultiSelect嵌套按钮键盘行为发现候选并补回归
frontend/src/components/task-startup-state.tsx	f604db217e6cfa8de2bea3088a0eec90a0bf8d840cb87a60519cbc7577856f00	reviewed	完整读取；核对分页选择、编辑器生命周期和查找限制、共享弹层及表格；Select字典和MultiSelect嵌套按钮键盘行为发现候选并补回归
frontend/src/components/ui/__tests__/badge-layout.test.tsx	6bc913d78af933fc4d1386cf215b2e489abb1543d347363b9bb624c644f53595	reviewed	完整读取；核对测试隔离、交互和终态覆盖、布局契约、生产文件规则扫描；共享标签测试已加入回归
frontend/src/components/ui/__tests__/button-sizing.test.tsx	f3820845dcdc3f2c679a351541e5cb701d890ca2e41bfc9f930c75f44244b573	reviewed	完整读取；核对测试隔离、交互和终态覆盖、布局契约、生产文件规则扫描；共享标签测试已加入回归
frontend/src/components/ui/__tests__/button.test.tsx	94c9eaa2c10f7bb5dbc0cad932e16e8bf13113c3d3551215622083a18e5d384b	reviewed	完整读取；核对测试隔离、交互和终态覆盖、布局契约、生产文件规则扫描；共享标签测试已加入回归
frontend/src/components/ui/__tests__/card-layout.test.tsx	04b0770099862e636c6d4dfa3400017e0925787c3e4b6eff90a7adc8c76b76cc	reviewed	完整读取；核对测试隔离、交互和终态覆盖、布局契约、生产文件规则扫描；共享标签测试已加入回归
frontend/src/components/ui/__tests__/dialog-content-layout.test.ts	f2d38e65f94287c38c2e30255310e8885f37099032a6464598888d5d4804c40e	reviewed	完整读取；核对测试隔离、交互和终态覆盖、布局契约、生产文件规则扫描；共享标签测试已加入回归
frontend/src/components/ui/__tests__/dialog-focus.test.tsx	6748cf250c6a88129d00d476721425fb70d879319bc24ecf435722e58f4e4a8e	reviewed	完整读取；核对测试隔离、交互和终态覆盖、布局契约、生产文件规则扫描；共享标签测试已加入回归
frontend/src/components/ui/__tests__/dropdown-search-focus.test.ts	a2f7fa0187b4f439b14e1643348cd0da4be39cbb7b0c3e9d085c3ee59ad8723e	reviewed	完整读取；核对测试隔离、交互和终态覆盖、布局契约、生产文件规则扫描；共享标签测试已加入回归
frontend/src/components/ui/__tests__/focus-policy.test.js	3697d24ff2eb87b2a909395bf7eb8a28cbabc28536838c6ee83f3ea0f63289e4	reviewed	完整读取；核对测试隔离、交互和终态覆盖、布局契约、生产文件规则扫描；共享标签测试已加入回归
frontend/src/components/ui/__tests__/native-title-attributes.test.js	0c5f91967e3e6c7661529736ff3239a4f758cba1f13a5d6c262c77682f860799	reviewed	完整读取；核对测试隔离、交互和终态覆盖、布局契约、生产文件规则扫描；共享标签测试已加入回归
frontend/src/components/ui/__tests__/overlay-layout.test.tsx	89c8fcad551bc15483c84e8176b2984654dbc2bb6ccb50172bd8d561a95a721b	reviewed	完整读取；核对测试隔离、交互和终态覆盖、布局契约、生产文件规则扫描；共享标签测试已加入回归
frontend/src/components/ui/__tests__/segmented-control.test.tsx	a17567fda69fa25d719efa6534b4d607cf46478c61a3789acfcb44450bcab5c1	reviewed	完整读取；核对测试隔离、交互和终态覆盖、布局契约、生产文件规则扫描；共享标签测试已加入回归
frontend/src/components/ui/__tests__/select.test.ts	46417a27b162f35f4141ddd5a05595db8cb31c193db8979afe870ce924957bc4	reviewed	Reviewed current implementation and incremental changes: scope binding, no replay checkpoint lifecycle, identity index semantics, redaction, loading and error states, API contract and browser regression coverage.
frontend/src/components/ui/__tests__/selection-layout.test.tsx	0273f2628864a9a4397a7bfec5684ea526a12656c80f428e32d8478aa6f50bd4	reviewed	完整读取；核对测试隔离、交互和终态覆盖、布局契约、生产文件规则扫描；共享标签测试已加入回归
frontend/src/components/ui/__tests__/skeleton.test.tsx	7566c92bf3f3d05e482801967417e30df189ff397a0db8fea362396ba35ee796	reviewed	完整读取；核对测试隔离、交互和终态覆盖、布局契约、生产文件规则扫描；共享标签测试已加入回归
frontend/src/components/ui/__tests__/sonner.test.tsx	35ce99ea95bc9dd341c669117029011a9841af748eaf9aa4263fbb91fc07222a	reviewed	完整读取；核对测试隔离、交互和终态覆盖、布局契约、生产文件规则扫描；共享标签测试已加入回归
frontend/src/components/ui/__tests__/textarea-layout.test.tsx	c3d2bdd9dd75afdaeab675328f637b1a14f8e76b9f90609bec361012ab90cb50	reviewed	完整读取；核对测试隔离、交互和终态覆盖、布局契约、生产文件规则扫描；共享标签测试已加入回归
frontend/src/components/ui/__tests__/tooltip-theme.test.tsx	130bb61f2701d3e4ddffb8c76cce5953b277c18ed656def42d39d9e995576028	reviewed	完整读取；核对测试隔离、交互和终态覆盖、布局契约、生产文件规则扫描；共享标签测试已加入回归
frontend/src/components/ui/badge.tsx	516d7fa59053e0558c3c2dd02ecc754099b1def4478d1272b423fafa611a224f	reviewed	完整读取；核对分页选择、编辑器生命周期和查找限制、共享弹层及表格；Select字典和MultiSelect嵌套按钮键盘行为发现候选并补回归
frontend/src/components/ui/button.tsx	77baec3d5c7b8d4fe1bbd1f1c59497c7df5ba3dd9c668c6162608c157648d222	reviewed	完整读取；核对分页选择、编辑器生命周期和查找限制、共享弹层及表格；Select字典和MultiSelect嵌套按钮键盘行为发现候选并补回归
frontend/src/components/ui/card.tsx	d8598a356481bdaf5593c90825ab6bfe6dd60bc65467a5045d4f065eb6a3860a	reviewed	完整读取；核对分页选择、编辑器生命周期和查找限制、共享弹层及表格；Select字典和MultiSelect嵌套按钮键盘行为发现候选并补回归
frontend/src/components/ui/checkbox.tsx	639bd832f54563d4e235acac46ecc5749a40b3b2a2502ae9738309e81ba34391	reviewed	完整读取；核对分页选择、编辑器生命周期和查找限制、共享弹层及表格；Select字典和MultiSelect嵌套按钮键盘行为发现候选并补回归
frontend/src/components/ui/combobox.tsx	873f563fbabcd9c69de398a2b4c920efce5bf76dcbe388162f1234530f65cc22	reviewed	完整读取；核对分页选择、编辑器生命周期和查找限制、共享弹层及表格；Select字典和MultiSelect嵌套按钮键盘行为发现候选并补回归
frontend/src/components/ui/dialog.tsx	6c50df8a043715a142bfd9f2a7975c80aed713248bb1dc220c411608ab75715c	reviewed	完整读取；核对分页选择、编辑器生命周期和查找限制、共享弹层及表格；Select字典和MultiSelect嵌套按钮键盘行为发现候选并补回归
frontend/src/components/ui/dropdown-menu.tsx	98ea5fcf8713670279277ba5a18f216aae2a7a80fa1b26819109e3f565b8b15e	reviewed	完整读取；核对分页选择、编辑器生命周期和查找限制、共享弹层及表格；Select字典和MultiSelect嵌套按钮键盘行为发现候选并补回归
frontend/src/components/ui/dropdown-search-focus.ts	ec211e841ce4a15caea54cb102e24323adb35d68784e60d80f9b96a6f040a57c	reviewed	完整读取；核对分页选择、编辑器生命周期和查找限制、共享弹层及表格；Select字典和MultiSelect嵌套按钮键盘行为发现候选并补回归
frontend/src/components/ui/input.tsx	1edb5a60b554e0d53e4ed9f15a5b85072186a3356c95a8e8560a35069f268e2d	reviewed	完整读取；核对分页选择、编辑器生命周期和查找限制、共享弹层及表格；Select字典和MultiSelect嵌套按钮键盘行为发现候选并补回归
frontend/src/components/ui/progress.tsx	9659a225cfb40b5e2a29a6f08f34cc819954f23b9aba0dcfc9ef59ce12eea8f7	reviewed	完整读取；核对分页选择、编辑器生命周期和查找限制、共享弹层及表格；Select字典和MultiSelect嵌套按钮键盘行为发现候选并补回归
frontend/src/components/ui/segmented-control.tsx	f8fbd35f03358a8bc5976183f33809bce31f7b701555b6efecc40906178c4c67	reviewed	完整读取；核对分页选择、编辑器生命周期和查找限制、共享弹层及表格；Select字典和MultiSelect嵌套按钮键盘行为发现候选并补回归
frontend/src/components/ui/select.tsx	4bde46fd8685b41682ad38ae58b9f0c5e217303bf586f4c2310ff3f0ae2738a1	reviewed	完整读取；字典仅访问自有属性、嵌套标签展开按钮键盘事件不触发外层；先红后绿，35相关用例通过
frontend/src/components/ui/sheet.tsx	be293f3eafdd4659cb982b044ff8142f7c224eefd74d1993fcfd8a43098fdd02	reviewed	完整读取；核对分页选择、编辑器生命周期和查找限制、共享弹层及表格；Select字典和MultiSelect嵌套按钮键盘行为发现候选并补回归
frontend/src/components/ui/sidebar.tsx	d62c0eae3751af0b26fcf87d541483b5d3f4f73e5ac74b0065925f249d1f4586	reviewed	完整读取；核对分页选择、编辑器生命周期和查找限制、共享弹层及表格；Select字典和MultiSelect嵌套按钮键盘行为发现候选并补回归
frontend/src/components/ui/skeleton.tsx	0ada23d59357fad4a9c5b55616416e2064e678db2895f00ac349b352589d8495	reviewed	完整读取；核对分页选择、编辑器生命周期和查找限制、共享弹层及表格；Select字典和MultiSelect嵌套按钮键盘行为发现候选并补回归
frontend/src/components/ui/sonner.tsx	abaf6ebb1f2fc649fd7cc7f6ed153105079d92cd824efc6349512aba2e66c3f0	reviewed	完整读取；核对分页选择、编辑器生命周期和查找限制、共享弹层及表格；Select字典和MultiSelect嵌套按钮键盘行为发现候选并补回归
frontend/src/components/ui/switch.tsx	39a0c72041097882cc4a106a18bfe0f9a196da8e8df273fc32fb516ff52b2baf	reviewed	完整读取；核对分页选择、编辑器生命周期和查找限制、共享弹层及表格；Select字典和MultiSelect嵌套按钮键盘行为发现候选并补回归
frontend/src/components/ui/table-overflow-tooltip.tsx	f3f25976507cb89ae34612e86ffdcdf167b8dd3954072bde25e496baea4ce000	reviewed	完整读取；核对分页选择、编辑器生命周期和查找限制、共享弹层及表格；Select字典和MultiSelect嵌套按钮键盘行为发现候选并补回归
frontend/src/components/ui/table.tsx	6b9b50665ed61528b867b3f4c93a10285777129ef3cbfb81a7f71119292bbc21	reviewed	完整读取；核对分页选择、编辑器生命周期和查找限制、共享弹层及表格；Select字典和MultiSelect嵌套按钮键盘行为发现候选并补回归
frontend/src/components/ui/textarea.tsx	529667df94e23372822db5f3eef01130414abe8a52a1aa1b95453ff857203821	reviewed	完整读取；核对分页选择、编辑器生命周期和查找限制、共享弹层及表格；Select字典和MultiSelect嵌套按钮键盘行为发现候选并补回归
frontend/src/components/ui/tooltip.tsx	e270e001f46d4ee1ac58f2bb9a5f0096a00be8ad764e199642af94b6da530437	reviewed	完整读取；核对分页选择、编辑器生命周期和查找限制、共享弹层及表格；Select字典和MultiSelect嵌套按钮键盘行为发现候选并补回归
frontend/src/env.d.ts	85879669a5670c171ad1820bcf26c9ed5d19a4821ac9a82390a8016bd92a094f	reviewed	完整读取；核对路由声明、search收窄、入口鉴权归属、Query与主题挂载及lazy构建配合
frontend/src/hooks/__tests__/use-client-pagination.test.ts	2fda97269fbd0a738c891f84d6e3536adbae2983de07649626f5138916399a69	reviewed	已逐文件阅读全文，核对分页、字典顺序、凭据索引、任务状态与缓存回归；字典原型键边界继续复核。
frontend/src/hooks/use-client-pagination.ts	77c0b2d47405e439f66dbebd32afdddcb70b1f054ee8719ff445f26998c41508	reviewed	已逐文件阅读全文，核对分页、字典顺序、凭据索引、任务状态与缓存回归；字典原型键边界继续复核。
frontend/src/hooks/use-dictionary-order.ts	e5638cdfe11554980dbaf440586174df7944500a5ec8e9005ca53a5272a639d7	reviewed	已逐文件阅读全文，核对分页、字典顺序、凭据索引、任务状态与缓存回归；字典原型键边界继续复核。
frontend/src/hooks/use-mobile.tsx	e47a06e06d0ab299c97a23e74cea5df51606f7ca991e8be1c7e5f892dbf69886	reviewed	已逐文件阅读全文，核对分页、字典顺序、凭据索引、任务状态与缓存回归；字典原型键边界继续复核。
frontend/src/lib/__tests__/captcha-challenge.test.ts	2f7acfb8a9490330d2a429cde299ea4f08290630419c944624d1cd7dac49ca44	reviewed	已逐文件阅读全文，核对分页、字典顺序、凭据索引、任务状态与缓存回归；字典原型键边界继续复核。
frontend/src/lib/__tests__/dictionary-order.test.ts	f1a576c844dc79d0947bd7612799f24670975c3dd12e2003d1816d9218220171	reviewed	已逐文件阅读全文，核对分页、字典顺序、凭据索引、任务状态与缓存回归；字典原型键边界继续复核。
frontend/src/lib/__tests__/domain-dictionaries.test.ts	72cc396fbf80acf57fdf0bff944bcc8b256d0ed9d9c39f8ed98d95e3848ecf45	reviewed	完整读取；字典仅访问自有属性、嵌套标签展开按钮键盘事件不触发外层；先红后绿，35相关用例通过
frontend/src/lib/__tests__/group-policy-display.test.ts	bb4a4b01988090f7e1677cbbb46ba1a76fbe5e4021a6e7175747eda78e10714e	reviewed	已逐文件阅读全文，核对分页、字典顺序、凭据索引、任务状态与缓存回归；字典原型键边界继续复核。
frontend/src/lib/__tests__/json-string-map.test.ts	80d69b8f404bb04c04a0fd0f0c106548676241f98ff5d89c7aed86a62293202f	reviewed	已逐文件阅读全文，核对分页、字典顺序、凭据索引、任务状态与缓存回归；字典原型键边界继续复核。
frontend/src/lib/__tests__/navigation-preferences.test.ts	8c446eb2e53645d50808a0a4d166982632b12d4d1880451099282944307883ac	reviewed	已逐文件阅读全文，核对分页、字典顺序、凭据索引、任务状态与缓存回归；字典原型键边界继续复核。
frontend/src/lib/__tests__/onboarding-entry.test.ts	405cf9d6ee739013ca5cc946d96d4c48abffdf2fe87d2d73fabc6a1356326e3c	reviewed	已逐文件阅读全文，核对分页、字典顺序、凭据索引、任务状态与缓存回归；字典原型键边界继续复核。
frontend/src/lib/__tests__/operation-feedback.test.ts	1bcce72dfa45589f4b390dd4ccc336dc7b94f8dfed536d34d4f1b2860b4f49b0	reviewed	已逐文件阅读全文，核对分页、字典顺序、凭据索引、任务状态与缓存回归；字典原型键边界继续复核。
frontend/src/lib/__tests__/probe-task-feedback.test.ts	676703346f545510dc8620cbf99c039db20bb44d78db3137140674e73ec819e9	reviewed	已逐文件阅读全文，核对分页、字典顺序、凭据索引、任务状态与缓存回归；字典原型键边界继续复核。
frontend/src/lib/__tests__/query-client.test.ts	cba871d68c9923b0a40fd6418d55acbd627c73e6d3c41a7f58faab8fbd5fee26	reviewed	已逐文件阅读全文，核对分页、字典顺序、凭据索引、任务状态与缓存回归；字典原型键边界继续复核。
frontend/src/lib/__tests__/query-retries.test.ts	0c166d589342e1613c276632811dcb833de11523958ef022ef399ae40a0070d4	reviewed	已逐文件阅读全文，核对分页、字典顺序、凭据索引、任务状态与缓存回归；字典原型键边界继续复核。
frontend/src/lib/__tests__/scheduling-display.test.ts	eb5cabf9cabce5321a79729062443a7d4146ed6021bffe24a49fcfcbe50bafc3	reviewed	已逐文件阅读全文，核对分页、字典顺序、凭据索引、任务状态与缓存回归；字典原型键边界继续复核。
frontend/src/lib/__tests__/sensitive-field.test.ts	318bebc5805d128b9f0732411231d11132b96cfb2bef1d0843ec3d8f12c4160d	reviewed	已逐文件阅读全文，核对分页、字典顺序、凭据索引、任务状态与缓存回归；字典原型键边界继续复核。
frontend/src/lib/__tests__/task-refresh.test.ts	4700131630bccfd17c42272110568be8a13f4f6d3cad4b527c748e06e415819d	reviewed	已逐文件阅读全文，核对分页、字典顺序、凭据索引、任务状态与缓存回归；字典原型键边界继续复核。
frontend/src/lib/__tests__/task-result-feedback.test.ts	2f10be2e90886291c874ca6fef6b8c46c75cda63397cead49675b165edfa6efe	reviewed	已逐文件阅读全文，核对分页、字典顺序、凭据索引、任务状态与缓存回归；字典原型键边界继续复核。
frontend/src/lib/__tests__/task-result.test.ts	063399c90a5b21143c98a9954abb3298d5a44f628da200e9697e7182aea2fefa	reviewed	已逐文件阅读全文，核对分页、字典顺序、凭据索引、任务状态与缓存回归；字典原型键边界继续复核。
frontend/src/lib/__tests__/task-state.test.ts	e76ad9e95d42a56eeac8c46e1ec71efdda72598acbc0a9ad991a99298f1fd699	reviewed	已逐文件阅读全文，核对分页、字典顺序、凭据索引、任务状态与缓存回归；字典原型键边界继续复核。
frontend/src/lib/__tests__/vault-entry-label.test.ts	4efbb2ad3da33afd97bddbe1cb02db4a241fcf0c47dd3ecc0baa83d4fafe1ae0	reviewed	已逐文件阅读全文，核对分页、字典顺序、凭据索引、任务状态与缓存回归；字典原型键边界继续复核。
frontend/src/lib/browser-preferences.ts	9ad2cc088ff206a64a870458d38fd8d91ddc3735476b851c23dd40b34adad8e4	reviewed	已逐文件阅读全文，核对分页、字典顺序、凭据索引、任务状态与缓存回归；字典原型键边界继续复核。
frontend/src/lib/captcha-challenge.ts	d3886794fcc0fee844485f48232c28905b1af34b01e535b537287dd4be67baa5	reviewed	已逐文件阅读全文，核对分页、字典顺序、凭据索引、任务状态与缓存回归；字典原型键边界继续复核。
frontend/src/lib/dictionary-order.ts	e77809952fe018461096c2644ca98c5816e09474e8b93f4cd0ae548ebe07764f	reviewed	已逐文件阅读全文，核对分页、字典顺序、凭据索引、任务状态与缓存回归；字典原型键边界继续复核。
frontend/src/lib/domain-dictionaries.ts	6bb6a513ffd8848d8b1311bad8f2f8cd7f5b56ec7bb3bba6a6909d942c097e21	reviewed	完整读取；字典仅访问自有属性、嵌套标签展开按钮键盘事件不触发外层；先红后绿，35相关用例通过
frontend/src/lib/group-policy-display.ts	76f607b09c5804983fd8c516f92b636202dc139c5eb172fd32e47dc8f4baf4d3	reviewed	已逐文件阅读全文，核对分页、字典顺序、凭据索引、任务状态与缓存回归；字典原型键边界继续复核。
frontend/src/lib/health-score.ts	80768f5d713fffd5a11e5cb521a11565c3a8d205d5f79239af9430536e2ffa16	reviewed	已逐文件阅读全文，核对分页、字典顺序、凭据索引、任务状态与缓存回归；字典原型键边界继续复核。
frontend/src/lib/json-string-map.ts	f14903389cdd3b3bb03c88ed81bbb88ac2d6665a81f543d5f7d6b4c789ec9c0f	reviewed	已逐文件阅读全文，核对分页、字典顺序、凭据索引、任务状态与缓存回归；字典原型键边界继续复核。
frontend/src/lib/navigation-preferences.ts	a75d92133d90dbe433bf39874be209d45d752731cfb03cf824d30a126b739fe3	reviewed	已逐文件阅读全文，核对分页、字典顺序、凭据索引、任务状态与缓存回归；字典原型键边界继续复核。
frontend/src/lib/onboarding-entry.ts	b8fbceb5e7f37b1a1696a21a800aa6c8d3965798f03e324d063b34ca857fd18e	reviewed	已逐文件阅读全文，核对分页、字典顺序、凭据索引、任务状态与缓存回归；字典原型键边界继续复核。
frontend/src/lib/operation-feedback.ts	485708080fd67fe48e635ab8358e613466ae07aee2f95134dc0790575b1271a7	reviewed	已逐文件阅读全文，核对分页、字典顺序、凭据索引、任务状态与缓存回归；字典原型键边界继续复核。
frontend/src/lib/probe-task-feedback.ts	1a4e22b1ab8830c7081cfe2ce1241cb5e293e4adb06bfc0a4e951b5c129ba54e	reviewed	已逐文件阅读全文，核对分页、字典顺序、凭据索引、任务状态与缓存回归；字典原型键边界继续复核。
frontend/src/lib/query-client.ts	6ce4b322a7525d5c82993375a963c73a8755b7c5271a1c3a65386e71cf740ae2	reviewed	已逐文件阅读全文，核对分页、字典顺序、凭据索引、任务状态与缓存回归；字典原型键边界继续复核。
frontend/src/lib/scheduling-display.ts	99961b1066ad5f3ee9341f5f74b7823caa6363e9c1cff359baa95a7766c3602e	reviewed	已逐文件阅读全文，核对分页、字典顺序、凭据索引、任务状态与缓存回归；字典原型键边界继续复核。
frontend/src/lib/scheduling-strategy.ts	59a96580ed97b82e76234ef0a530e1c0317a9a173a018158e3844ac5deab7c64	reviewed	已逐文件阅读全文，核对分页、字典顺序、凭据索引、任务状态与缓存回归；字典原型键边界继续复核。
frontend/src/lib/sensitive-field.ts	6c75aed70b56c13c314fd899163ab8ccffcccb6a55192ffcf5f815b9ecd2315c	reviewed	已逐文件阅读全文，核对分页、字典顺序、凭据索引、任务状态与缓存回归；字典原型键边界继续复核。
frontend/src/lib/session-auth.ts	32f8a45736a3e4a3f5e802e5626c78c5db2c1efebb54a49e6529dc5c39d4fbfe	reviewed	已逐文件阅读全文，核对分页、字典顺序、凭据索引、任务状态与缓存回归；字典原型键边界继续复核。
frontend/src/lib/task-refresh.ts	59866125d68bf23ae1975488394ae579fb583e970f5cb0a7758a17dadda7db17	reviewed	已逐文件阅读全文，核对分页、字典顺序、凭据索引、任务状态与缓存回归；字典原型键边界继续复核。
frontend/src/lib/task-result-feedback.ts	65621d6e77c6546b52da3b7c908a4673a8a829de145772a5de30e7e0d1be5a8f	reviewed	已逐文件阅读全文，核对分页、字典顺序、凭据索引、任务状态与缓存回归；字典原型键边界继续复核。
frontend/src/lib/task-result.ts	ef523ebea8bcd1fd188d42733497249979bd6aba63cc7e5053d1d5ee31ff9c59	reviewed	已逐文件阅读全文，核对分页、字典顺序、凭据索引、任务状态与缓存回归；字典原型键边界继续复核。
frontend/src/lib/task-state.ts	8710d50a8a2a9c8e22e0d60508fdbcf8db838b382c725ca179e7d4a074f3a00e	reviewed	已逐文件阅读全文，核对分页、字典顺序、凭据索引、任务状态与缓存回归；字典原型键边界继续复核。
frontend/src/lib/utils.ts	520ef9b69532310d14b392b124b3f1af0a2b8acdf41e5c20c3d04c33296a61ec	reviewed	已逐文件阅读全文，核对分页、字典顺序、凭据索引、任务状态与缓存回归；字典原型键边界继续复核。
frontend/src/lib/vault-entry-label.ts	5d6b8708039ff4d6489a62ab60ad048c6c589ed38be98c43d3f6463c2f639b84	reviewed	已逐文件阅读全文，核对分页、字典顺序、凭据索引、任务状态与缓存回归；字典原型键边界继续复核。
frontend/src/main.tsx	471a43d5b5ff7073f5647e904d6dac942ca7f3769e0a5fd7fab8dc2d8411873b	reviewed	完整读取；核对路由声明、search收窄、入口鉴权归属、Query与主题挂载及lazy构建配合
frontend/src/newapi-index.css	40a865919ee252eecb59a447a779a9b8e0f76e90e209ae1ee471028b93623849	reviewed	Read entire global CSS including font imports, reduced-motion behavior, scroll containment, animations and inherited vendor utility rules.
frontend/src/router.tsx	76fd8d9635899eeb5f3da328cc68d35939c6a3a073a52e2892bc8d745cd05f4f	reviewed	完整读取；核对路由声明、search收窄、入口鉴权归属、Query与主题挂载及lazy构建配合
frontend/src/routes/alert-policy-route.tsx	1198492f70a61712c28e2bdc1bbde04bb1a8423f371df79a9d3da5e61763fc0f	reviewed	完整读取；核对路由声明、search收窄、入口鉴权归属、Query与主题挂载及lazy构建配合
frontend/src/routes/config-route.tsx	43fe7c33acf9360d0a008824e0c1c3dec57d19c6996a2e7a929947a12f1733dd	reviewed	完整读取；核对路由声明、search收窄、入口鉴权归属、Query与主题挂载及lazy构建配合
frontend/src/routes/newapi-routes.tsx	7bde20ea1d7e005d01aaaf19efd605b12cc178af04b5009058ecd22d3dc86892	reviewed	完整读取；核对路由声明、search收窄、入口鉴权归属、Query与主题挂载及lazy构建配合
frontend/src/routes/overview-route.tsx	837b59961f5c02c73fd411f58e076a94ddbd1713961ecd6367def829a135a928	reviewed	完整读取；核对路由声明、search收窄、入口鉴权归属、Query与主题挂载及lazy构建配合
frontend/src/routes/pricing-routes.tsx	07e57f46ebff928a09150afd3dcf3c45d2b9c59150a23dd9219169333768016b	reviewed	完整读取；核对路由声明、search收窄、入口鉴权归属、Query与主题挂载及lazy构建配合
frontend/src/styles.css	59529d2497608d8d21c19e38a7026817071c6ba9787e5ad5a96d29177ecc7ba9	reviewed	Read complete theme tokens, shell context, HTML metadata, deployment proxy input restrictions and isolated proxy tests; no confirmed regression in these files.
frontend/src/test/setup.ts	7e220df8c12f8c302b230806afe60cb6d8ed598013d3de519075418f6c2325f6	reviewed	完整读取；修复调度初次读取失败后的启动入口、上游刷新缓存保留、任务结果字典继承属性；新增回归已复现，最终验证待统一执行
frontend/src/theme-presets.css	f5b566fe9f20ea38db6c5aa21df7960c55256236418d93648731187e33bb940e	reviewed	Read complete theme tokens, shell context, HTML metadata, deployment proxy input restrictions and isolated proxy tests; no confirmed regression in these files.
frontend/src/theme.css	76303e333f6ffcee5c6452e6d982005205fc832357cfdc0d3f4fa644c1dd7e09	reviewed	Read complete theme tokens, shell context, HTML metadata, deployment proxy input restrictions and isolated proxy tests; no confirmed regression in these files.
frontend/test-nginx-proxy.sh	9f84002d83521a6d3f0fecd0f2e417ada3ddab5ea47273c5813c3eec9273a315	reviewed	Read complete theme tokens, shell context, HTML metadata, deployment proxy input restrictions and isolated proxy tests; no confirmed regression in these files.
frontend/testdata/echo-api.nginx.conf	02015a3785ff1d6d642e72492689634919f0e114d8a2a85e0bf92d6b6f95ec49	reviewed	Read complete theme tokens, shell context, HTML metadata, deployment proxy input restrictions and isolated proxy tests; no confirmed regression in these files.
frontend/tsconfig.json	21aeb6d350d5ae94b03b75438e3c3df335b9bed97bcfee41fba5c68e929b830b	reviewed	已阅读全文并核对职责、测试/构建入口及现有审查基线；后续统一验证配置一致性。
frontend/vitest.config.ts	dc330d6a362840688bcffa039fafa66043125fb5d289afd473bdb9c6ce9576cd	reviewed	已阅读全文并核对职责、测试/构建入口及现有审查基线；后续统一验证配置一致性。
output/imagegen/sub2api-icon-prompt.txt	413510de6b8d67ff6b7e27c0c72569e99e349d489f46c8efa6ed96b87bd7d315	reviewed	完整读取并检查脚本边界、静态SVG引用、图片来源与MIT声明；Go校验和格式核对
output/imagegen/sub2api-icon-v2-32.png	85a73e9f3e786766210f41260b3bb90be6849e2f532d2b14ad141cf9618101d6	reviewed	浏览器离线解码全部图片，检查尺寸及联系表实际画面；正式图标一致，imagegen为未部署设计源素材
output/imagegen/sub2api-icon-v2-320.png	84811120385022b0035c171243f9c20ae410111c44839a414a05d4368cd60aaf	reviewed	浏览器离线解码全部图片，检查尺寸及联系表实际画面；正式图标一致，imagegen为未部署设计源素材
output/imagegen/sub2api-icon-v2-prompt.txt	1a41779a38fffbbb9ec95991510c5f75d801b11213045b281789a6da265373bb	reviewed	完整读取并检查脚本边界、静态SVG引用、图片来源与MIT声明；Go校验和格式核对
output/imagegen/sub2api-icon-v2.png	0dbe7d007a8673341f63e780ff1a748c3b50bd2f3fc5c75c6ad4fdd12949135b	reviewed	浏览器离线解码全部图片，检查尺寸及联系表实际画面；正式图标一致，imagegen为未部署设计源素材
output/imagegen/sub2api-icon.png	9443271b0f8a97a7b053eaad139a783fd1c7c3929309d5e4242b4b42ea2d686c	reviewed	浏览器离线解码全部图片，检查尺寸及联系表实际画面；正式图标一致，imagegen为未部署设计源素材
third_party/account-workbench/LICENSE	2b033adfef2b387c0ccf5ed3d41b2e498357edd110bcf30aab4fc1c4e9e52bba	reviewed	完整读取并检查脚本边界、静态SVG引用、图片来源与MIT声明；Go校验和格式核对
